SourceFileID,SourceRecordOrdinal,IssueCode,ColumnName,RawValue,Detail
FOIA_7a_FY2020_Present_asof_260630,40,EXACT_DUPLICATE,,48c33e2a7f7a31ca522ec68c1af1106699aae4a70fe9c168c79a657ccd5a1266,DuplicateGroupID=1; GroupSize=2
FOIA_7a_FY2020_Present_asof_260630,72,EXACT_DUPLICATE,,8e5d3e3940ffe8034fb977f8dde7440337d7c3dcd9620ff7597c740ea26d849f,DuplicateGroupID=2; GroupSize=4
FOIA_7a_FY2020_Present_asof_260630,104,EXACT_DUPLICATE,,8e5d3e3940ffe8034fb977f8dde7440337d7c3dcd9620ff7597c740ea26d849f,DuplicateGroupID=2; GroupSize=4
FOIA_7a_FY2020_Present_asof_260630,114,EXACT_DUPLICATE,,8e5d3e3940ffe8034fb977f8dde7440337d7c3dcd9620ff7597c740ea26d849f,DuplicateGroupID=2; GroupSize=4
FOIA_7a_FY2020_Present_asof_260630,120,EXACT_DUPLICATE,,8e5d3e3940ffe8034fb977f8dde7440337d7c3dcd9620ff7597c740ea26d849f,DuplicateGroupID=2; GroupSize=4
FOIA_7a_FY2020_Present_asof_260630,137,EXACT_DUPLICATE,,48c33e2a7f7a31ca522ec68c1af1106699aae4a70fe9c168c79a657ccd5a1266,DuplicateGroupID=1; GroupSize=2
FOIA_7a_FY2020_Present_asof_260630,749,EXACT_DUPLICATE,,6733ee5d1c86486d09a515e7c892cee4b01c16d59d0854142e25b96e014bd62c,DuplicateGroupID=3; GroupSize=3
FOIA_7a_FY2020_Present_asof_260630,789,EXACT_DUPLICATE,,6733ee5d1c86486d09a515e7c892cee4b01c16d59d0854142e25b96e014bd62c,DuplicateGroupID=3; GroupSize=3
FOIA_7a_FY2020_Present_asof_260630,871,EXACT_DUPLICATE,,6733ee5d1c86486d09a515e7c892cee4b01c16d59d0854142e25b96e014bd62c,DuplicateGroupID=3; GroupSize=3
FOIA_7a_FY2020_Present_asof_260630,1189,TERM_ZERO,TermInMonths,0.0,
FOIA_7a_FY2020_Present_asof_260630,2020,EXACT_DUPLICATE,,b08065ce4c2680efc5f29108244ae276a28d608ac086a7c5233a4ea95bda9769,DuplicateGroupID=4; GroupSize=3
FOIA_7a_FY2020_Present_asof_260630,2024,EXACT_DUPLICATE,,b08065ce4c2680efc5f29108244ae276a28d608ac086a7c5233a4ea95bda9769,DuplicateGroupID=4; GroupSize=3
FOIA_7a_FY2020_Present_asof_260630,2052,EXACT_DUPLICATE,,b08065ce4c2680efc5f29108244ae276a28d608ac086a7c5233a4ea95bda9769,DuplicateGroupID=4; GroupSize=3
FOIA_7a_FY2020_Present_asof_260630,2073,EXACT_DUPLICATE,,546daed4535b1578465f0f0eb77b6b2be638c88ed199852e15ea16e8efeac31c,DuplicateGroupID=5; GroupSize=2
FOIA_7a_FY2020_Present_asof_260630,2085,EXACT_DUPLICATE,,546daed4535b1578465f0f0eb77b6b2be638c88ed199852e15ea16e8efeac31c,DuplicateGroupID=5; GroupSize=2
FOIA_7a_FY2020_Present_asof_260630,2358,EXACT_DUPLICATE,,1d45a91add1cfa9cdddf78ecf9eafe0c396dc570d29abcb55634a66d6da74dff,DuplicateGroupID=6; GroupSize=8
FOIA_7a_FY2020_Present_asof_260630,2366,EXACT_DUPLICATE,,1d45a91add1cfa9cdddf78ecf9eafe0c396dc570d29abcb55634a66d6da74dff,DuplicateGroupID=6; GroupSize=8
FOIA_7a_FY2020_Present_asof_260630,2409,EXACT_DUPLICATE,,dda0eb49c794919395da38c321c74e2184ac37f5a760d68e849bc959a9e00b51,DuplicateGroupID=7; GroupSize=2
FOIA_7a_FY2020_Present_asof_260630,2410,EXACT_DUPLICATE,,dc7aab157905d38a0587fece4eb87efa47eb8e2ab439123467e62226e5cb686b,DuplicateGroupID=8; GroupSize=2
FOIA_7a_FY2020_Present_asof_260630,2411,EXACT_DUPLICATE,,0289f7ed96cbed4cdc367ea86fb7917878a20cfcfc7602f0751a0d8d5a77f663,DuplicateGroupID=9; GroupSize=4
FOIA_7a_FY2020_Present_asof_260630,2413,EXACT_DUPLICATE,,dda0eb49c794919395da38c321c74e2184ac37f5a760d68e849bc959a9e00b51,DuplicateGroupID=7; GroupSize=2
FOIA_7a_FY2020_Present_asof_260630,2415,EXACT_DUPLICATE,,0289f7ed96cbed4cdc367ea86fb7917878a20cfcfc7602f0751a0d8d5a77f663,DuplicateGroupID=9; GroupSize=4
FOIA_7a_FY2020_Present_asof_260630,2470,EXACT_DUPLICATE,,1d45a91add1cfa9cdddf78ecf9eafe0c396dc570d29abcb55634a66d6da74dff,DuplicateGroupID=6; GroupSize=8
FOIA_7a_FY2020_Present_asof_260630,2472,EXACT_DUPLICATE,,0289f7ed96cbed4cdc367ea86fb7917878a20cfcfc7602f0751a0d8d5a77f663,DuplicateGroupID=9; GroupSize=4
FOIA_7a_FY2020_Present_asof_260630,2475,EXACT_DUPLICATE,,1d45a91add1cfa9cdddf78ecf9eafe0c396dc570d29abcb55634a66d6da74dff,DuplicateGroupID=6; GroupSize=8
FOIA_7a_FY2020_Present_asof_260630,2480,EXACT_DUPLICATE,,1d45a91add1cfa9cdddf78ecf9eafe0c396dc570d29abcb55634a66d6da74dff,DuplicateGroupID=6; GroupSize=8
FOIA_7a_FY2020_Present_asof_260630,2482,EXACT_DUPLICATE,,dc7aab157905d38a0587fece4eb87efa47eb8e2ab439123467e62226e5cb686b,DuplicateGroupID=8; GroupSize=2
FOIA_7a_FY2020_Present_asof_260630,2486,EXACT_DUPLICATE,,1d45a91add1cfa9cdddf78ecf9eafe0c396dc570d29abcb55634a66d6da74dff,DuplicateGroupID=6; GroupSize=8
FOIA_7a_FY2020_Present_asof_260630,2503,EXACT_DUPLICATE,,1d45a91add1cfa9cdddf78ecf9eafe0c396dc570d29abcb55634a66d6da74dff,DuplicateGroupID=6; GroupSize=8
FOIA_7a_FY2020_Present_asof_260630,2533,EXACT_DUPLICATE,,0289f7ed96cbed4cdc367ea86fb7917878a20cfcfc7602f0751a0d8d5a77f663,DuplicateGroupID=9; GroupSize=4
FOIA_7a_FY2020_Present_asof_260630,2535,EXACT_DUPLICATE,,1d45a91add1cfa9cdddf78ecf9eafe0c396dc570d29abcb55634a66d6da74dff,DuplicateGroupID=6; GroupSize=8
FOIA_7a_FY2020_Present_asof_260630,2560,EXACT_DUPLICATE,,9a472da7ee698223ac125766f7a589b54d6542439edecb119140006d13a74b3a,DuplicateGroupID=10; GroupSize=3
FOIA_7a_FY2020_Present_asof_260630,2562,EXACT_DUPLICATE,,9a472da7ee698223ac125766f7a589b54d6542439edecb119140006d13a74b3a,DuplicateGroupID=10; GroupSize=3
FOIA_7a_FY2020_Present_asof_260630,2640,EXACT_DUPLICATE,,028d548550f8fad12192823ee084e408dde41a95e4b20b2219e3278da75e0d65,DuplicateGroupID=11; GroupSize=2
FOIA_7a_FY2020_Present_asof_260630,2641,EXACT_DUPLICATE,,980901ead413aa130d931acedc2872fd91111cd8e669a2df493d2494bf7c0388,DuplicateGroupID=12; GroupSize=2
FOIA_7a_FY2020_Present_asof_260630,2699,EXACT_DUPLICATE,,028d548550f8fad12192823ee084e408dde41a95e4b20b2219e3278da75e0d65,DuplicateGroupID=11; GroupSize=2
FOIA_7a_FY2020_Present_asof_260630,2717,EXACT_DUPLICATE,,9a472da7ee698223ac125766f7a589b54d6542439edecb119140006d13a74b3a,DuplicateGroupID=10; GroupSize=3
FOIA_7a_FY2020_Present_asof_260630,2733,EXACT_DUPLICATE,,980901ead413aa130d931acedc2872fd91111cd8e669a2df493d2494bf7c0388,DuplicateGroupID=12; GroupSize=2
FOIA_7a_FY2020_Present_asof_260630,4090,EXACT_DUPLICATE,,94dd1432ea329192f173ef3aacdc3619886839632080fbed2a55d3b08e4c67ef,DuplicateGroupID=13; GroupSize=2
FOIA_7a_FY2020_Present_asof_260630,4204,EXACT_DUPLICATE,,94dd1432ea329192f173ef3aacdc3619886839632080fbed2a55d3b08e4c67ef,DuplicateGroupID=13; GroupSize=2
FOIA_7a_FY2020_Present_asof_260630,8576,TERM_ZERO,TermInMonths,0.0,
FOIA_7a_FY2020_Present_asof_260630,8759,TERM_ZERO,TermInMonths,0.0,
FOIA_7a_FY2020_Present_asof_260630,9870,EXACT_DUPLICATE,,3ccbae135894e22a1dc45a2c1952001100ef6a60ea733f25f6089cdd0a4046a7,DuplicateGroupID=14; GroupSize=2
FOIA_7a_FY2020_Present_asof_260630,9875,EXACT_DUPLICATE,,3ccbae135894e22a1dc45a2c1952001100ef6a60ea733f25f6089cdd0a4046a7,DuplicateGroupID=14; GroupSize=2
FOIA_7a_FY2020_Present_asof_260630,13341,EXACT_DUPLICATE,,b028fd73b027b15046b711db6f0f1592458c65c798d27de08b9e5ffa5f3ca52b,DuplicateGroupID=15; GroupSize=2
FOIA_7a_FY2020_Present_asof_260630,13350,EXACT_DUPLICATE,,a4008efacba472634359d54d34b5645e9d3a7abbdcaf75429e8d5a06004e6d65,DuplicateGroupID=16; GroupSize=2
FOIA_7a_FY2020_Present_asof_260630,13353,EXACT_DUPLICATE,,b028fd73b027b15046b711db6f0f1592458c65c798d27de08b9e5ffa5f3ca52b,DuplicateGroupID=15; GroupSize=2
FOIA_7a_FY2020_Present_asof_260630,13365,EXACT_DUPLICATE,,a4008efacba472634359d54d34b5645e9d3a7abbdcaf75429e8d5a06004e6d65,DuplicateGroupID=16; GroupSize=2
FOIA_7a_FY2020_Present_asof_260630,15111,EXACT_DUPLICATE,,f55082b825e93d2422e6b3972437d7bb7a424914f5fe9b503fa2a9a309d1d0b7,DuplicateGroupID=17; GroupSize=2
FOIA_7a_FY2020_Present_asof_260630,15172,EXACT_DUPLICATE,,f55082b825e93d2422e6b3972437d7bb7a424914f5fe9b503fa2a9a309d1d0b7,DuplicateGroupID=17; GroupSize=2
FOIA_7a_FY2020_Present_asof_260630,16654,EXACT_DUPLICATE,,44802e00db6aff8edc0a38070559ced396bc8bc3faeac8c5ea62876294a4ff6d,DuplicateGroupID=18; GroupSize=2
FOIA_7a_FY2020_Present_asof_260630,16728,EXACT_DUPLICATE,,44802e00db6aff8edc0a38070559ced396bc8bc3faeac8c5ea62876294a4ff6d,DuplicateGroupID=18; GroupSize=2
FOIA_7a_FY2020_Present_asof_260630,16867,TERM_ZERO,TermInMonths,0.0,
FOIA_7a_FY2020_Present_asof_260630,17075,TERM_ZERO,TermInMonths,0.0,
FOIA_7a_FY2020_Present_asof_260630,17675,EXACT_DUPLICATE,,b7c081dd35d7708f52ef7b596d3071ef9a210fd960c8d85681247e5c9650ce77,DuplicateGroupID=19; GroupSize=2
FOIA_7a_FY2020_Present_asof_260630,17759,EXACT_DUPLICATE,,b7c081dd35d7708f52ef7b596d3071ef9a210fd960c8d85681247e5c9650ce77,DuplicateGroupID=19; GroupSize=2
FOIA_7a_FY2020_Present_asof_260630,20001,EXACT_DUPLICATE,,49f39a0e304cb54c2cd5ee89c6726673991fdc1c73946e1af5db51e897a37d56,DuplicateGroupID=20; GroupSize=5
FOIA_7a_FY2020_Present_asof_260630,20009,EXACT_DUPLICATE,,49f39a0e304cb54c2cd5ee89c6726673991fdc1c73946e1af5db51e897a37d56,DuplicateGroupID=20; GroupSize=5
FOIA_7a_FY2020_Present_asof_260630,20086,EXACT_DUPLICATE,,49f39a0e304cb54c2cd5ee89c6726673991fdc1c73946e1af5db51e897a37d56,DuplicateGroupID=20; GroupSize=5
FOIA_7a_FY2020_Present_asof_260630,20098,EXACT_DUPLICATE,,49f39a0e304cb54c2cd5ee89c6726673991fdc1c73946e1af5db51e897a37d56,DuplicateGroupID=20; GroupSize=5
FOIA_7a_FY2020_Present_asof_260630,20117,EXACT_DUPLICATE,,49f39a0e304cb54c2cd5ee89c6726673991fdc1c73946e1af5db51e897a37d56,DuplicateGroupID=20; GroupSize=5
FOIA_7a_FY2020_Present_asof_260630,20284,EXACT_DUPLICATE,,118879d7006fa6ed4e91065c7b1dd72372e2c2fa9ab24d726f8c981c65183b19,DuplicateGroupID=21; GroupSize=3
FOIA_7a_FY2020_Present_asof_260630,20296,EXACT_DUPLICATE,,118879d7006fa6ed4e91065c7b1dd72372e2c2fa9ab24d726f8c981c65183b19,DuplicateGroupID=21; GroupSize=3
FOIA_7a_FY2020_Present_asof_260630,20303,EXACT_DUPLICATE,,65e95ffd0db8c0c853932eaeff564040ff77cad3b1064083ecc4105cd796dd3f,DuplicateGroupID=22; GroupSize=2
FOIA_7a_FY2020_Present_asof_260630,20310,EXACT_DUPLICATE,,6ae17c46dc519a2e238343f84bb7d30ec61b05c4e3051be4c32b72cac3818758,DuplicateGroupID=23; GroupSize=5
FOIA_7a_FY2020_Present_asof_260630,20356,EXACT_DUPLICATE,,6ae17c46dc519a2e238343f84bb7d30ec61b05c4e3051be4c32b72cac3818758,DuplicateGroupID=23; GroupSize=5
FOIA_7a_FY2020_Present_asof_260630,20358,EXACT_DUPLICATE,,6ae17c46dc519a2e238343f84bb7d30ec61b05c4e3051be4c32b72cac3818758,DuplicateGroupID=23; GroupSize=5
FOIA_7a_FY2020_Present_asof_260630,20366,EXACT_DUPLICATE,,6ae17c46dc519a2e238343f84bb7d30ec61b05c4e3051be4c32b72cac3818758,DuplicateGroupID=23; GroupSize=5
FOIA_7a_FY2020_Present_asof_260630,20368,EXACT_DUPLICATE,,6ae17c46dc519a2e238343f84bb7d30ec61b05c4e3051be4c32b72cac3818758,DuplicateGroupID=23; GroupSize=5
FOIA_7a_FY2020_Present_asof_260630,20392,EXACT_DUPLICATE,,118879d7006fa6ed4e91065c7b1dd72372e2c2fa9ab24d726f8c981c65183b19,DuplicateGroupID=21; GroupSize=3
FOIA_7a_FY2020_Present_asof_260630,20417,EXACT_DUPLICATE,,65e95ffd0db8c0c853932eaeff564040ff77cad3b1064083ecc4105cd796dd3f,DuplicateGroupID=22; GroupSize=2
FOIA_7a_FY2020_Present_asof_260630,22199,EXACT_DUPLICATE,,ed3a15d2a786cddad3d07e3ab8bca2feaae44225d9aa7e206f522dd2582f1f90,DuplicateGroupID=24; GroupSize=2
FOIA_7a_FY2020_Present_asof_260630,22201,EXACT_DUPLICATE,,ed3a15d2a786cddad3d07e3ab8bca2feaae44225d9aa7e206f522dd2582f1f90,DuplicateGroupID=24; GroupSize=2
FOIA_7a_FY2020_Present_asof_260630,22257,RATE_ZERO,InitialInterestRate,0.0,
FOIA_7a_FY2020_Present_asof_260630,23428,EXACT_DUPLICATE,,872730930d36f9aa76bb542c12fbbd93e0696bf12e5287d862d2dc7411a4e95a,DuplicateGroupID=25; GroupSize=2
FOIA_7a_FY2020_Present_asof_260630,23441,EXACT_DUPLICATE,,872730930d36f9aa76bb542c12fbbd93e0696bf12e5287d862d2dc7411a4e95a,DuplicateGroupID=25; GroupSize=2
FOIA_7a_FY2020_Present_asof_260630,23530,EXACT_DUPLICATE,,d74894808c35f869a70295b6ad132188d43052b259b6f0b1844bcbaf1becb2d8,DuplicateGroupID=26; GroupSize=2
FOIA_7a_FY2020_Present_asof_260630,23553,EXACT_DUPLICATE,,d74894808c35f869a70295b6ad132188d43052b259b6f0b1844bcbaf1becb2d8,DuplicateGroupID=26; GroupSize=2
FOIA_7a_FY2020_Present_asof_260630,24978,EXACT_DUPLICATE,,e75508ed664174f3b4d7cc6f1b444edb2f194b0c29d9f19787291d8b6c3041cd,DuplicateGroupID=27; GroupSize=2
FOIA_7a_FY2020_Present_asof_260630,25057,EXACT_DUPLICATE,,248fd1cf5403acccfadc0dfa28c43de0eee9fa7b29973a427ba6ecc40969382c,DuplicateGroupID=28; GroupSize=4
FOIA_7a_FY2020_Present_asof_260630,25065,EXACT_DUPLICATE,,e75508ed664174f3b4d7cc6f1b444edb2f194b0c29d9f19787291d8b6c3041cd,DuplicateGroupID=27; GroupSize=2
FOIA_7a_FY2020_Present_asof_260630,25124,EXACT_DUPLICATE,,248fd1cf5403acccfadc0dfa28c43de0eee9fa7b29973a427ba6ecc40969382c,DuplicateGroupID=28; GroupSize=4
FOIA_7a_FY2020_Present_asof_260630,25221,EXACT_DUPLICATE,,248fd1cf5403acccfadc0dfa28c43de0eee9fa7b29973a427ba6ecc40969382c,DuplicateGroupID=28; GroupSize=4
FOIA_7a_FY2020_Present_asof_260630,25239,EXACT_DUPLICATE,,03ca44c55f9e4f84b9b7747b5e90446a499d325b5695d46fb7496536719ee645,DuplicateGroupID=29; GroupSize=2
FOIA_7a_FY2020_Present_asof_260630,25312,EXACT_DUPLICATE,,248fd1cf5403acccfadc0dfa28c43de0eee9fa7b29973a427ba6ecc40969382c,DuplicateGroupID=28; GroupSize=4
FOIA_7a_FY2020_Present_asof_260630,25413,EXACT_DUPLICATE,,03ca44c55f9e4f84b9b7747b5e90446a499d325b5695d46fb7496536719ee645,DuplicateGroupID=29; GroupSize=2
FOIA_7a_FY2020_Present_asof_260630,25448,EXACT_DUPLICATE,,072f5194eb44febffbceb1006996883b1096b160572f1053b3ef076a9df975eb,DuplicateGroupID=30; GroupSize=2
FOIA_7a_FY2020_Present_asof_260630,25459,EXACT_DUPLICATE,,072f5194eb44febffbceb1006996883b1096b160572f1053b3ef076a9df975eb,DuplicateGroupID=30; GroupSize=2
FOIA_7a_FY2020_Present_asof_260630,25536,EXACT_DUPLICATE,,46d0a7f9d08bb43c01290552fa286ef3e469bc11e55de3b2593558d33b9cf2a9,DuplicateGroupID=31; GroupSize=3
FOIA_7a_FY2020_Present_asof_260630,25549,EXACT_DUPLICATE,,19452bf38895a0028ca2540665ed8a00dd7284f894e956f236377f0e2553daa8,DuplicateGroupID=32; GroupSize=5
FOIA_7a_FY2020_Present_asof_260630,25551,RATE_ZERO,InitialInterestRate,0.0,
FOIA_7a_FY2020_Present_asof_260630,25559,EXACT_DUPLICATE,,46d0a7f9d08bb43c01290552fa286ef3e469bc11e55de3b2593558d33b9cf2a9,DuplicateGroupID=31; GroupSize=3
FOIA_7a_FY2020_Present_asof_260630,25569,EXACT_DUPLICATE,,6a0f2293200b9e2f87464c01a1ff41452ce05b079d8a61430fa1d6ae03001da0,DuplicateGroupID=33; GroupSize=3
FOIA_7a_FY2020_Present_asof_260630,25581,EXACT_DUPLICATE,,6a0f2293200b9e2f87464c01a1ff41452ce05b079d8a61430fa1d6ae03001da0,DuplicateGroupID=33; GroupSize=3
FOIA_7a_FY2020_Present_asof_260630,25582,EXACT_DUPLICATE,,19452bf38895a0028ca2540665ed8a00dd7284f894e956f236377f0e2553daa8,DuplicateGroupID=32; GroupSize=5
FOIA_7a_FY2020_Present_asof_260630,25594,EXACT_DUPLICATE,,19452bf38895a0028ca2540665ed8a00dd7284f894e956f236377f0e2553daa8,DuplicateGroupID=32; GroupSize=5
FOIA_7a_FY2020_Present_asof_260630,25600,EXACT_DUPLICATE,,19452bf38895a0028ca2540665ed8a00dd7284f894e956f236377f0e2553daa8,DuplicateGroupID=32; GroupSize=5
FOIA_7a_FY2020_Present_asof_260630,25612,EXACT_DUPLICATE,,6a0f2293200b9e2f87464c01a1ff41452ce05b079d8a61430fa1d6ae03001da0,DuplicateGroupID=33; GroupSize=3
FOIA_7a_FY2020_Present_asof_260630,25622,EXACT_DUPLICATE,,19452bf38895a0028ca2540665ed8a00dd7284f894e956f236377f0e2553daa8,DuplicateGroupID=32; GroupSize=5
FOIA_7a_FY2020_Present_asof_260630,25628,EXACT_DUPLICATE,,46d0a7f9d08bb43c01290552fa286ef3e469bc11e55de3b2593558d33b9cf2a9,DuplicateGroupID=31; GroupSize=3
FOIA_7a_FY2020_Present_asof_260630,25740,EXACT_DUPLICATE,,53e29d535eff0c4624f288fe00b364f96b1c2b8d0f660b7e656c878896e1a076,DuplicateGroupID=34; GroupSize=3
FOIA_7a_FY2020_Present_asof_260630,25744,EXACT_DUPLICATE,,53e29d535eff0c4624f288fe00b364f96b1c2b8d0f660b7e656c878896e1a076,DuplicateGroupID=34; GroupSize=3
FOIA_7a_FY2020_Present_asof_260630,25770,EXACT_DUPLICATE,,53e29d535eff0c4624f288fe00b364f96b1c2b8d0f660b7e656c878896e1a076,DuplicateGroupID=34; GroupSize=3
FOIA_7a_FY2020_Present_asof_260630,26722,EXACT_DUPLICATE,,6b78f6ba10abda50b5b8da8655038759e4b55f926a67bc139b5875480f636da8,DuplicateGroupID=35; GroupSize=2
FOIA_7a_FY2020_Present_asof_260630,26794,EXACT_DUPLICATE,,6b78f6ba10abda50b5b8da8655038759e4b55f926a67bc139b5875480f636da8,DuplicateGroupID=35; GroupSize=2
FOIA_7a_FY2020_Present_asof_260630,26904,TERM_ZERO,TermInMonths,0.0,
FOIA_7a_FY2020_Present_asof_260630,27397,RATE_ZERO,InitialInterestRate,0.0,
FOIA_7a_FY2020_Present_asof_260630,28652,CHARGEOFF_AFTER_ASOF,ChargeOffDate,2026-07-01,AsOfDate=2026-06-30
FOIA_7a_FY2020_Present_asof_260630,28714,TERM_ZERO,TermInMonths,0.0,
FOIA_7a_FY2020_Present_asof_260630,30128,EXACT_DUPLICATE,,69ead0eef50ad7e8af7887c7a8022adf628c8d2a3cc234856f17862d0ddaf4ed,DuplicateGroupID=36; GroupSize=2
FOIA_7a_FY2020_Present_asof_260630,30186,EXACT_DUPLICATE,,69ead0eef50ad7e8af7887c7a8022adf628c8d2a3cc234856f17862d0ddaf4ed,DuplicateGroupID=36; GroupSize=2
FOIA_7a_FY2020_Present_asof_260630,30341,EXACT_DUPLICATE,,a464f058ccd1d7db5777d7e71b2d89a14dd4b064d0fc677c1d3fc205ac3af7ce,DuplicateGroupID=37; GroupSize=2
FOIA_7a_FY2020_Present_asof_260630,30347,EXACT_DUPLICATE,,a464f058ccd1d7db5777d7e71b2d89a14dd4b064d0fc677c1d3fc205ac3af7ce,DuplicateGroupID=37; GroupSize=2
FOIA_7a_FY2020_Present_asof_260630,30862,RATE_ZERO,InitialInterestRate,0.0,
FOIA_7a_FY2020_Present_asof_260630,30866,RATE_ZERO,InitialInterestRate,0.0,
FOIA_7a_FY2020_Present_asof_260630,30934,EXACT_DUPLICATE,,b47d5373372c52a66ab9714ff3feed786b69434d8f6d2f1c1271d613d47fab4c,DuplicateGroupID=38; GroupSize=2
FOIA_7a_FY2020_Present_asof_260630,30965,RATE_ZERO,InitialInterestRate,0.0,
FOIA_7a_FY2020_Present_asof_260630,31008,EXACT_DUPLICATE,,b47d5373372c52a66ab9714ff3feed786b69434d8f6d2f1c1271d613d47fab4c,DuplicateGroupID=38; GroupSize=2
FOIA_7a_FY2020_Present_asof_260630,31064,EXACT_DUPLICATE,,692768926d31c328a3f71705cb11cb8d6332d9eae5523e9dee2d6f1d0b3991ff,DuplicateGroupID=39; GroupSize=2
FOIA_7a_FY2020_Present_asof_260630,31099,EXACT_DUPLICATE,,692768926d31c328a3f71705cb11cb8d6332d9eae5523e9dee2d6f1d0b3991ff,DuplicateGroupID=39; GroupSize=2
FOIA_7a_FY2020_Present_asof_260630,31553,EXACT_DUPLICATE,,cdc5fbc6dfc65da9a4df60e23ae0546d6e25add84c8f78d4e4ed6a4c1927cbee,DuplicateGroupID=40; GroupSize=2
FOIA_7a_FY2020_Present_asof_260630,31645,EXACT_DUPLICATE,,cdc5fbc6dfc65da9a4df60e23ae0546d6e25add84c8f78d4e4ed6a4c1927cbee,DuplicateGroupID=40; GroupSize=2
FOIA_7a_FY2020_Present_asof_260630,33206,EXACT_DUPLICATE,,c6d77e484f64587ebe0d04d275d628690c89a52079f9ede6968270a158c16cfc,DuplicateGroupID=41; GroupSize=2
FOIA_7a_FY2020_Present_asof_260630,33276,EXACT_DUPLICATE,,c6d77e484f64587ebe0d04d275d628690c89a52079f9ede6968270a158c16cfc,DuplicateGroupID=41; GroupSize=2
FOIA_7a_FY2020_Present_asof_260630,33846,EXACT_DUPLICATE,,c84a3320e9b437bfdd5df0ddc452cccc68a594cec0a3a3413f97eff8a0569e15,DuplicateGroupID=42; GroupSize=2
FOIA_7a_FY2020_Present_asof_260630,33967,EXACT_DUPLICATE,,c84a3320e9b437bfdd5df0ddc452cccc68a594cec0a3a3413f97eff8a0569e15,DuplicateGroupID=42; GroupSize=2
FOIA_7a_FY2020_Present_asof_260630,34681,EXACT_DUPLICATE,,446fdad550a717628e36afa04d9078556c428d774ee37eb7b07201c26df535bb,DuplicateGroupID=43; GroupSize=4
FOIA_7a_FY2020_Present_asof_260630,34684,EXACT_DUPLICATE,,af386093af0181a09567d9f2d0edbe6b52638673aba5c22f7ca15489da2f4078,DuplicateGroupID=44; GroupSize=2
FOIA_7a_FY2020_Present_asof_260630,34729,EXACT_DUPLICATE,,446fdad550a717628e36afa04d9078556c428d774ee37eb7b07201c26df535bb,DuplicateGroupID=43; GroupSize=4
FOIA_7a_FY2020_Present_asof_260630,34772,EXACT_DUPLICATE,,446fdad550a717628e36afa04d9078556c428d774ee37eb7b07201c26df535bb,DuplicateGroupID=43; GroupSize=4
FOIA_7a_FY2020_Present_asof_260630,34865,EXACT_DUPLICATE,,446fdad550a717628e36afa04d9078556c428d774ee37eb7b07201c26df535bb,DuplicateGroupID=43; GroupSize=4
FOIA_7a_FY2020_Present_asof_260630,34867,EXACT_DUPLICATE,,af386093af0181a09567d9f2d0edbe6b52638673aba5c22f7ca15489da2f4078,DuplicateGroupID=44; GroupSize=2
FOIA_7a_FY2020_Present_asof_260630,36346,EXACT_DUPLICATE,,27634da7fe35d6ea373427c5831522fe965c88a49df9d4b53e0824aa39d021af,DuplicateGroupID=45; GroupSize=2
FOIA_7a_FY2020_Present_asof_260630,36502,EXACT_DUPLICATE,,27634da7fe35d6ea373427c5831522fe965c88a49df9d4b53e0824aa39d021af,DuplicateGroupID=45; GroupSize=2
FOIA_7a_FY2020_Present_asof_260630,36653,EXACT_DUPLICATE,,07d7816d3ce7cac499d13a756fdb9171a3df8790187c5a6f84c8ba4392276df6,DuplicateGroupID=46; GroupSize=2
FOIA_7a_FY2020_Present_asof_260630,36682,EXACT_DUPLICATE,,07d7816d3ce7cac499d13a756fdb9171a3df8790187c5a6f84c8ba4392276df6,DuplicateGroupID=46; GroupSize=2
FOIA_7a_FY2020_Present_asof_260630,36686,RATE_ZERO,InitialInterestRate,0.0,
FOIA_7a_FY2020_Present_asof_260630,37426,EXACT_DUPLICATE,,32b8a10c0868f5879f595d17a15b2e66d7b27fa5202be6289bf191c9cbcde291,DuplicateGroupID=47; GroupSize=2
FOIA_7a_FY2020_Present_asof_260630,37516,EXACT_DUPLICATE,,32b8a10c0868f5879f595d17a15b2e66d7b27fa5202be6289bf191c9cbcde291,DuplicateGroupID=47; GroupSize=2
FOIA_7a_FY2020_Present_asof_260630,37735,RATE_ZERO,InitialInterestRate,0.0,
FOIA_7a_FY2020_Present_asof_260630,37818,EXACT_DUPLICATE,,d810d68ba697da5e6eb97a1bf5de154273666f8f43aa8e438a18d6afe61e98c3,DuplicateGroupID=48; GroupSize=3
FOIA_7a_FY2020_Present_asof_260630,37819,RATE_ZERO,InitialInterestRate,0.0,
FOIA_7a_FY2020_Present_asof_260630,37820,EXACT_DUPLICATE,,d810d68ba697da5e6eb97a1bf5de154273666f8f43aa8e438a18d6afe61e98c3,DuplicateGroupID=48; GroupSize=3
FOIA_7a_FY2020_Present_asof_260630,37821,EXACT_DUPLICATE,,d810d68ba697da5e6eb97a1bf5de154273666f8f43aa8e438a18d6afe61e98c3,DuplicateGroupID=48; GroupSize=3
FOIA_7a_FY2020_Present_asof_260630,38194,RATE_ZERO,InitialInterestRate,0.0,
FOIA_7a_FY2020_Present_asof_260630,38223,EXACT_DUPLICATE,,0b7069f140c8efe69dbe060c72adf0d5fd3574f46ae58625c25cc68573e7a608,DuplicateGroupID=49; GroupSize=3
FOIA_7a_FY2020_Present_asof_260630,38233,EXACT_DUPLICATE,,0b7069f140c8efe69dbe060c72adf0d5fd3574f46ae58625c25cc68573e7a608,DuplicateGroupID=49; GroupSize=3
FOIA_7a_FY2020_Present_asof_260630,38250,EXACT_DUPLICATE,,0b7069f140c8efe69dbe060c72adf0d5fd3574f46ae58625c25cc68573e7a608,DuplicateGroupID=49; GroupSize=3
FOIA_7a_FY2020_Present_asof_260630,38289,EXACT_DUPLICATE,,49e79711da24d5cedfebe7c7d7c60a2c6b719c16955bcc431b2da06e162030cb,DuplicateGroupID=50; GroupSize=5
FOIA_7a_FY2020_Present_asof_260630,38291,EXACT_DUPLICATE,,49e79711da24d5cedfebe7c7d7c60a2c6b719c16955bcc431b2da06e162030cb,DuplicateGroupID=50; GroupSize=5
FOIA_7a_FY2020_Present_asof_260630,38363,EXACT_DUPLICATE,,49e79711da24d5cedfebe7c7d7c60a2c6b719c16955bcc431b2da06e162030cb,DuplicateGroupID=50; GroupSize=5
FOIA_7a_FY2020_Present_asof_260630,38370,EXACT_DUPLICATE,,49e79711da24d5cedfebe7c7d7c60a2c6b719c16955bcc431b2da06e162030cb,DuplicateGroupID=50; GroupSize=5
FOIA_7a_FY2020_Present_asof_260630,38391,EXACT_DUPLICATE,,49e79711da24d5cedfebe7c7d7c60a2c6b719c16955bcc431b2da06e162030cb,DuplicateGroupID=50; GroupSize=5
FOIA_7a_FY2020_Present_asof_260630,38528,EXACT_DUPLICATE,,e9281291af4b1b65d070c082dbb976092831ec1ad583fc2f8e78d2423abc9b40,DuplicateGroupID=51; GroupSize=5
FOIA_7a_FY2020_Present_asof_260630,38529,EXACT_DUPLICATE,,e9281291af4b1b65d070c082dbb976092831ec1ad583fc2f8e78d2423abc9b40,DuplicateGroupID=51; GroupSize=5
FOIA_7a_FY2020_Present_asof_260630,38591,EXACT_DUPLICATE,,e9281291af4b1b65d070c082dbb976092831ec1ad583fc2f8e78d2423abc9b40,DuplicateGroupID=51; GroupSize=5
FOIA_7a_FY2020_Present_asof_260630,38632,EXACT_DUPLICATE,,e9281291af4b1b65d070c082dbb976092831ec1ad583fc2f8e78d2423abc9b40,DuplicateGroupID=51; GroupSize=5
FOIA_7a_FY2020_Present_asof_260630,38691,EXACT_DUPLICATE,,e9281291af4b1b65d070c082dbb976092831ec1ad583fc2f8e78d2423abc9b40,DuplicateGroupID=51; GroupSize=5
FOIA_7a_FY2020_Present_asof_260630,38895,TERM_ZERO,TermInMonths,0.0,
FOIA_7a_FY2020_Present_asof_260630,39413,EXACT_DUPLICATE,,a7961678b7e9551c99eb637fb7d7c4b99d8f75ae58deda1879afe34a1c052c44,DuplicateGroupID=52; GroupSize=2
FOIA_7a_FY2020_Present_asof_260630,39464,EXACT_DUPLICATE,,5a94af50e6db6afc2fdbea79ea4286aae4e9dc2af4ee644b2a8d22e12aaff3b2,DuplicateGroupID=53; GroupSize=2
FOIA_7a_FY2020_Present_asof_260630,39496,EXACT_DUPLICATE,,a7961678b7e9551c99eb637fb7d7c4b99d8f75ae58deda1879afe34a1c052c44,DuplicateGroupID=52; GroupSize=2
FOIA_7a_FY2020_Present_asof_260630,39663,EXACT_DUPLICATE,,5a94af50e6db6afc2fdbea79ea4286aae4e9dc2af4ee644b2a8d22e12aaff3b2,DuplicateGroupID=53; GroupSize=2
FOIA_7a_FY2020_Present_asof_260630,40249,RATE_ZERO,InitialInterestRate,0.0,
FOIA_7a_FY2020_Present_asof_260630,40644,RATE_ZERO,InitialInterestRate,0.0,
FOIA_7a_FY2020_Present_asof_260630,41657,EXACT_DUPLICATE,,1e09053a27b0898f3558009557004b192ae17ef1d9e491cc6e45404a963b2ff0,DuplicateGroupID=54; GroupSize=2
FOIA_7a_FY2020_Present_asof_260630,41675,EXACT_DUPLICATE,,1e09053a27b0898f3558009557004b192ae17ef1d9e491cc6e45404a963b2ff0,DuplicateGroupID=54; GroupSize=2
FOIA_7a_FY2020_Present_asof_260630,41726,EXACT_DUPLICATE,,8cf7f5a61f62f9fc5552df709ea73efa66c681bdc3953ee300ed0569be0bbd04,DuplicateGroupID=55; GroupSize=2
FOIA_7a_FY2020_Present_asof_260630,41771,EXACT_DUPLICATE,,8cf7f5a61f62f9fc5552df709ea73efa66c681bdc3953ee300ed0569be0bbd04,DuplicateGroupID=55; GroupSize=2
FOIA_7a_FY2020_Present_asof_260630,42228,RATE_ZERO,InitialInterestRate,0.0,
FOIA_7a_FY2020_Present_asof_260630,42301,EXACT_DUPLICATE,,7031b65e3b71379fe007a8acde9ae6e4b8bb9e263622c4222acf3473e3113c48,DuplicateGroupID=56; GroupSize=6
FOIA_7a_FY2020_Present_asof_260630,42310,EXACT_DUPLICATE,,966e5665f3c7379b24c32be8fd60d7c62fb44a012baa97339adfb320a10ad1e5,DuplicateGroupID=57; GroupSize=2
FOIA_7a_FY2020_Present_asof_260630,42313,EXACT_DUPLICATE,,7031b65e3b71379fe007a8acde9ae6e4b8bb9e263622c4222acf3473e3113c48,DuplicateGroupID=56; GroupSize=6
FOIA_7a_FY2020_Present_asof_260630,42325,EXACT_DUPLICATE,,7031b65e3b71379fe007a8acde9ae6e4b8bb9e263622c4222acf3473e3113c48,DuplicateGroupID=56; GroupSize=6
FOIA_7a_FY2020_Present_asof_260630,42326,EXACT_DUPLICATE,,560af7cddeff88942a9c3394152c135232ca0b5436c40d1f71708c870fe80c61,DuplicateGroupID=58; GroupSize=2
FOIA_7a_FY2020_Present_asof_260630,42327,EXACT_DUPLICATE,,ee051faeb233c11e553119c3b183a4d8ede35f52181922829597c722472bd346,DuplicateGroupID=59; GroupSize=5
FOIA_7a_FY2020_Present_asof_260630,42340,EXACT_DUPLICATE,,560af7cddeff88942a9c3394152c135232ca0b5436c40d1f71708c870fe80c61,DuplicateGroupID=58; GroupSize=2
FOIA_7a_FY2020_Present_asof_260630,42341,EXACT_DUPLICATE,,854bc358db76502d6fe9f81660b86d0cbd558c5e90bbd1b0c0059da389f9aff2,DuplicateGroupID=60; GroupSize=2
FOIA_7a_FY2020_Present_asof_260630,42347,EXACT_DUPLICATE,,7031b65e3b71379fe007a8acde9ae6e4b8bb9e263622c4222acf3473e3113c48,DuplicateGroupID=56; GroupSize=6
FOIA_7a_FY2020_Present_asof_260630,42349,EXACT_DUPLICATE,,966e5665f3c7379b24c32be8fd60d7c62fb44a012baa97339adfb320a10ad1e5,DuplicateGroupID=57; GroupSize=2
FOIA_7a_FY2020_Present_asof_260630,42352,EXACT_DUPLICATE,,77733dbf3259efd51c4f026abfd286558b971f77344fac1d96213718e07ce2fa,DuplicateGroupID=61; GroupSize=2
FOIA_7a_FY2020_Present_asof_260630,42362,EXACT_DUPLICATE,,77733dbf3259efd51c4f026abfd286558b971f77344fac1d96213718e07ce2fa,DuplicateGroupID=61; GroupSize=2
FOIA_7a_FY2020_Present_asof_260630,42364,EXACT_DUPLICATE,,7031b65e3b71379fe007a8acde9ae6e4b8bb9e263622c4222acf3473e3113c48,DuplicateGroupID=56; GroupSize=6
FOIA_7a_FY2020_Present_asof_260630,42370,EXACT_DUPLICATE,,ee051faeb233c11e553119c3b183a4d8ede35f52181922829597c722472bd346,DuplicateGroupID=59; GroupSize=5
FOIA_7a_FY2020_Present_asof_260630,42376,EXACT_DUPLICATE,,7031b65e3b71379fe007a8acde9ae6e4b8bb9e263622c4222acf3473e3113c48,DuplicateGroupID=56; GroupSize=6
FOIA_7a_FY2020_Present_asof_260630,42378,EXACT_DUPLICATE,,ee051faeb233c11e553119c3b183a4d8ede35f52181922829597c722472bd346,DuplicateGroupID=59; GroupSize=5
FOIA_7a_FY2020_Present_asof_260630,42386,EXACT_DUPLICATE,,ee051faeb233c11e553119c3b183a4d8ede35f52181922829597c722472bd346,DuplicateGroupID=59; GroupSize=5
FOIA_7a_FY2020_Present_asof_260630,42387,EXACT_DUPLICATE,,ee051faeb233c11e553119c3b183a4d8ede35f52181922829597c722472bd346,DuplicateGroupID=59; GroupSize=5
FOIA_7a_FY2020_Present_asof_260630,42390,EXACT_DUPLICATE,,854bc358db76502d6fe9f81660b86d0cbd558c5e90bbd1b0c0059da389f9aff2,DuplicateGroupID=60; GroupSize=2
FOIA_7a_FY2020_Present_asof_260630,43341,CHARGEOFF_AFTER_ASOF,ChargeOffDate,2026-07-01,AsOfDate=2026-06-30
FOIA_7a_FY2020_Present_asof_260630,43402,EXACT_DUPLICATE,,127e0f4f7bf8520faa401bae0f9fe624d799a2664c4f55fe2234b68abdb52927,DuplicateGroupID=62; GroupSize=2
FOIA_7a_FY2020_Present_asof_260630,43404,EXACT_DUPLICATE,,127e0f4f7bf8520faa401bae0f9fe624d799a2664c4f55fe2234b68abdb52927,DuplicateGroupID=62; GroupSize=2
FOIA_7a_FY2020_Present_asof_260630,43801,EXACT_DUPLICATE,,df5ff64f4d1dbca84e16cdbf433e61f2c4bb4606ee715f56d8055c5983acd7f3,DuplicateGroupID=63; GroupSize=2
FOIA_7a_FY2020_Present_asof_260630,43826,EXACT_DUPLICATE,,df5ff64f4d1dbca84e16cdbf433e61f2c4bb4606ee715f56d8055c5983acd7f3,DuplicateGroupID=63; GroupSize=2
FOIA_7a_FY2020_Present_asof_260630,44255,RATE_ZERO,InitialInterestRate,0.0,
FOIA_7a_FY2020_Present_asof_260630,44344,EXACT_DUPLICATE,,a1037236158733fd1d4731c1473bf884cac3751931cd9e377f0f25eda6670ef4,DuplicateGroupID=64; GroupSize=2
FOIA_7a_FY2020_Present_asof_260630,44361,EXACT_DUPLICATE,,a1037236158733fd1d4731c1473bf884cac3751931cd9e377f0f25eda6670ef4,DuplicateGroupID=64; GroupSize=2
FOIA_7a_FY2020_Present_asof_260630,45274,RATE_ZERO,InitialInterestRate,0.0,
FOIA_7a_FY2020_Present_asof_260630,45395,EXACT_DUPLICATE,,66f80d406a2def9560cf17d770be52b3b6ba0d5db4f2daac16bdf02ffd8f3e11,DuplicateGroupID=65; GroupSize=2
FOIA_7a_FY2020_Present_asof_260630,45496,EXACT_DUPLICATE,,66f80d406a2def9560cf17d770be52b3b6ba0d5db4f2daac16bdf02ffd8f3e11,DuplicateGroupID=65; GroupSize=2
FOIA_7a_FY2020_Present_asof_260630,45517,EXACT_DUPLICATE,,7e1ee5793a6dc42ddbeb96c5dcb7afe43068b36705a895ab9ffbf5e2b40be028,DuplicateGroupID=66; GroupSize=2
FOIA_7a_FY2020_Present_asof_260630,45588,EXACT_DUPLICATE,,7e1ee5793a6dc42ddbeb96c5dcb7afe43068b36705a895ab9ffbf5e2b40be028,DuplicateGroupID=66; GroupSize=2
FOIA_7a_FY2020_Present_asof_260630,46319,EXACT_DUPLICATE,,3b5ef5f2c974f67649697087d37804804060356c3a6b1438f1b0ebe5b3eb2798,DuplicateGroupID=67; GroupSize=3
FOIA_7a_FY2020_Present_asof_260630,46323,EXACT_DUPLICATE,,3b5ef5f2c974f67649697087d37804804060356c3a6b1438f1b0ebe5b3eb2798,DuplicateGroupID=67; GroupSize=3
FOIA_7a_FY2020_Present_asof_260630,46329,EXACT_DUPLICATE,,f865045ec1ac02f59f7cbbdf85a1f57bf9a4803288b4a5865a812f4df75bbc0f,DuplicateGroupID=68; GroupSize=3
FOIA_7a_FY2020_Present_asof_260630,46353,EXACT_DUPLICATE,,f865045ec1ac02f59f7cbbdf85a1f57bf9a4803288b4a5865a812f4df75bbc0f,DuplicateGroupID=68; GroupSize=3
FOIA_7a_FY2020_Present_asof_260630,46367,EXACT_DUPLICATE,,c9ba8be21a53c76e3e8d2c97fb996eaa9a9ca4e11c08d7b7d45c8064afe6f5e3,DuplicateGroupID=69; GroupSize=2
FOIA_7a_FY2020_Present_asof_260630,46434,RATE_ZERO,InitialInterestRate,0.0,
FOIA_7a_FY2020_Present_asof_260630,46447,EXACT_DUPLICATE,,db804c1d811c9a6457d0b3d628a50faada8eddfa043b4299cec9ef85f8e31405,DuplicateGroupID=70; GroupSize=2
FOIA_7a_FY2020_Present_asof_260630,46453,EXACT_DUPLICATE,,db804c1d811c9a6457d0b3d628a50faada8eddfa043b4299cec9ef85f8e31405,DuplicateGroupID=70; GroupSize=2
FOIA_7a_FY2020_Present_asof_260630,46461,EXACT_DUPLICATE,,3b5ef5f2c974f67649697087d37804804060356c3a6b1438f1b0ebe5b3eb2798,DuplicateGroupID=67; GroupSize=3
FOIA_7a_FY2020_Present_asof_260630,46478,EXACT_DUPLICATE,,c9ba8be21a53c76e3e8d2c97fb996eaa9a9ca4e11c08d7b7d45c8064afe6f5e3,DuplicateGroupID=69; GroupSize=2
FOIA_7a_FY2020_Present_asof_260630,46504,EXACT_DUPLICATE,,f865045ec1ac02f59f7cbbdf85a1f57bf9a4803288b4a5865a812f4df75bbc0f,DuplicateGroupID=68; GroupSize=3
FOIA_7a_FY2020_Present_asof_260630,46536,EXACT_DUPLICATE,,e45ddf07e7a0540b2ab10623078a651c19f4b62c27789ae726a0755333cdf792,DuplicateGroupID=71; GroupSize=2
FOIA_7a_FY2020_Present_asof_260630,46590,EXACT_DUPLICATE,,e45ddf07e7a0540b2ab10623078a651c19f4b62c27789ae726a0755333cdf792,DuplicateGroupID=71; GroupSize=2
FOIA_7a_FY2020_Present_asof_260630,48650,EXACT_DUPLICATE,,f22461d5ec3016e9cedae148564ef44114ba9b6ab8e38425e5817250634d5b4c,DuplicateGroupID=72; GroupSize=7
FOIA_7a_FY2020_Present_asof_260630,48744,EXACT_DUPLICATE,,f22461d5ec3016e9cedae148564ef44114ba9b6ab8e38425e5817250634d5b4c,DuplicateGroupID=72; GroupSize=7
FOIA_7a_FY2020_Present_asof_260630,48746,EXACT_DUPLICATE,,f22461d5ec3016e9cedae148564ef44114ba9b6ab8e38425e5817250634d5b4c,DuplicateGroupID=72; GroupSize=7
FOIA_7a_FY2020_Present_asof_260630,48752,EXACT_DUPLICATE,,f22461d5ec3016e9cedae148564ef44114ba9b6ab8e38425e5817250634d5b4c,DuplicateGroupID=72; GroupSize=7
FOIA_7a_FY2020_Present_asof_260630,48793,EXACT_DUPLICATE,,f22461d5ec3016e9cedae148564ef44114ba9b6ab8e38425e5817250634d5b4c,DuplicateGroupID=72; GroupSize=7
FOIA_7a_FY2020_Present_asof_260630,48807,EXACT_DUPLICATE,,f22461d5ec3016e9cedae148564ef44114ba9b6ab8e38425e5817250634d5b4c,DuplicateGroupID=72; GroupSize=7
FOIA_7a_FY2020_Present_asof_260630,48824,EXACT_DUPLICATE,,f22461d5ec3016e9cedae148564ef44114ba9b6ab8e38425e5817250634d5b4c,DuplicateGroupID=72; GroupSize=7
FOIA_7a_FY2020_Present_asof_260630,48919,EXACT_DUPLICATE,,b6c5b7cce805277eb21d63dd54b1a8104c6c6590f65baf7d9bd0f130addbe5b6,DuplicateGroupID=73; GroupSize=2
FOIA_7a_FY2020_Present_asof_260630,49074,EXACT_DUPLICATE,,b6c5b7cce805277eb21d63dd54b1a8104c6c6590f65baf7d9bd0f130addbe5b6,DuplicateGroupID=73; GroupSize=2
FOIA_7a_FY2020_Present_asof_260630,50895,EXACT_DUPLICATE,,804d3ce60a4748a2ccca3a04576472a2de083530526f7fc7c33b5d96f4c863ea,DuplicateGroupID=74; GroupSize=2
FOIA_7a_FY2020_Present_asof_260630,50910,EXACT_DUPLICATE,,804d3ce60a4748a2ccca3a04576472a2de083530526f7fc7c33b5d96f4c863ea,DuplicateGroupID=74; GroupSize=2
FOIA_7a_FY2020_Present_asof_260630,51364,EXACT_DUPLICATE,,d8f52982db3b4c37dc91b3bd484d1ef313d842dd9b307ff8e956a25688448709,DuplicateGroupID=75; GroupSize=2
FOIA_7a_FY2020_Present_asof_260630,51399,EXACT_DUPLICATE,,d8f52982db3b4c37dc91b3bd484d1ef313d842dd9b307ff8e956a25688448709,DuplicateGroupID=75; GroupSize=2
FOIA_7a_FY2020_Present_asof_260630,51762,RATE_ZERO,InitialInterestRate,0.0,
FOIA_7a_FY2020_Present_asof_260630,52428,RATE_ZERO,InitialInterestRate,0.0,
FOIA_7a_FY2020_Present_asof_260630,53321,RATE_ZERO,InitialInterestRate,0.0,
FOIA_7a_FY2020_Present_asof_260630,53833,RATE_ZERO,InitialInterestRate,0.0,
FOIA_7a_FY2020_Present_asof_260630,54003,EXACT_DUPLICATE,,bd88f67a5810c019ea3202a924f3b6e7af64db619742b99364e65e530ebaf0e3,DuplicateGroupID=76; GroupSize=3
FOIA_7a_FY2020_Present_asof_260630,54086,EXACT_DUPLICATE,,bd88f67a5810c019ea3202a924f3b6e7af64db619742b99364e65e530ebaf0e3,DuplicateGroupID=76; GroupSize=3
FOIA_7a_FY2020_Present_asof_260630,54099,EXACT_DUPLICATE,,bd88f67a5810c019ea3202a924f3b6e7af64db619742b99364e65e530ebaf0e3,DuplicateGroupID=76; GroupSize=3
FOIA_7a_FY2020_Present_asof_260630,54742,EXACT_DUPLICATE,,ddb5f33645d8192b06783d8f61f0af07090f4418720e4c671aaedb971ae0149a,DuplicateGroupID=77; GroupSize=2
FOIA_7a_FY2020_Present_asof_260630,54772,EXACT_DUPLICATE,,9906c78abfd8071be5d744a8483369528b8ccc55b5b450bc53de3189c65c9c75,DuplicateGroupID=78; GroupSize=3
FOIA_7a_FY2020_Present_asof_260630,54783,EXACT_DUPLICATE,,6f53889c091c1839a17974376e0734dc63ca8096c603c39b543cbfd169794442,DuplicateGroupID=79; GroupSize=3
FOIA_7a_FY2020_Present_asof_260630,54797,EXACT_DUPLICATE,,6f53889c091c1839a17974376e0734dc63ca8096c603c39b543cbfd169794442,DuplicateGroupID=79; GroupSize=3
FOIA_7a_FY2020_Present_asof_260630,54843,EXACT_DUPLICATE,,ddb5f33645d8192b06783d8f61f0af07090f4418720e4c671aaedb971ae0149a,DuplicateGroupID=77; GroupSize=2
FOIA_7a_FY2020_Present_asof_260630,54880,EXACT_DUPLICATE,,6f53889c091c1839a17974376e0734dc63ca8096c603c39b543cbfd169794442,DuplicateGroupID=79; GroupSize=3
FOIA_7a_FY2020_Present_asof_260630,54884,EXACT_DUPLICATE,,9906c78abfd8071be5d744a8483369528b8ccc55b5b450bc53de3189c65c9c75,DuplicateGroupID=78; GroupSize=3
FOIA_7a_FY2020_Present_asof_260630,54902,EXACT_DUPLICATE,,9906c78abfd8071be5d744a8483369528b8ccc55b5b450bc53de3189c65c9c75,DuplicateGroupID=78; GroupSize=3
FOIA_7a_FY2020_Present_asof_260630,55134,EXACT_DUPLICATE,,2437811e9dd20d29309b362d36f468faa35588ed485c957e9cd183132d9cec86,DuplicateGroupID=80; GroupSize=2
FOIA_7a_FY2020_Present_asof_260630,55158,EXACT_DUPLICATE,,fa68fbaa45cc0a48168b7932a96660df59f5417e46a455b0e373a08ec17e84b5,DuplicateGroupID=81; GroupSize=2
FOIA_7a_FY2020_Present_asof_260630,55269,EXACT_DUPLICATE,,fa68fbaa45cc0a48168b7932a96660df59f5417e46a455b0e373a08ec17e84b5,DuplicateGroupID=81; GroupSize=2
FOIA_7a_FY2020_Present_asof_260630,55325,EXACT_DUPLICATE,,2437811e9dd20d29309b362d36f468faa35588ed485c957e9cd183132d9cec86,DuplicateGroupID=80; GroupSize=2
FOIA_7a_FY2020_Present_asof_260630,55524,RATE_ZERO,InitialInterestRate,0.0,
FOIA_7a_FY2020_Present_asof_260630,56011,RATE_ZERO,InitialInterestRate,0.0,
FOIA_7a_FY2020_Present_asof_260630,56071,CHGOFF_MISSING_DATE,ChargeOffDate,,
FOIA_7a_FY2020_Present_asof_260630,57694,EXACT_DUPLICATE,,7e06e570c061bb38452cc6e2a66999759ed665fb097c1c6bf69c774cad53771b,DuplicateGroupID=82; GroupSize=2
FOIA_7a_FY2020_Present_asof_260630,57701,EXACT_DUPLICATE,,7e06e570c061bb38452cc6e2a66999759ed665fb097c1c6bf69c774cad53771b,DuplicateGroupID=82; GroupSize=2
FOIA_7a_FY2020_Present_asof_260630,57796,EXACT_DUPLICATE,,f5f7c82e506c873fd5321cb863a0994c5f315a7793eb6aaed7188e835708b472,DuplicateGroupID=83; GroupSize=2
FOIA_7a_FY2020_Present_asof_260630,57902,EXACT_DUPLICATE,,f5f7c82e506c873fd5321cb863a0994c5f315a7793eb6aaed7188e835708b472,DuplicateGroupID=83; GroupSize=2
FOIA_7a_FY2020_Present_asof_260630,58189,EXACT_DUPLICATE,,6beca98b93355077fb6e00e35b72dc8e198d3c11d69ecd0122ee11c1a3af9dd9,DuplicateGroupID=84; GroupSize=2
FOIA_7a_FY2020_Present_asof_260630,58223,EXACT_DUPLICATE,,6beca98b93355077fb6e00e35b72dc8e198d3c11d69ecd0122ee11c1a3af9dd9,DuplicateGroupID=84; GroupSize=2
FOIA_7a_FY2020_Present_asof_260630,59247,RATE_ZERO,InitialInterestRate,0.0,
FOIA_7a_FY2020_Present_asof_260630,59587,EXACT_DUPLICATE,,2fbd80a5ac756529ff2bd5813bbda59143a97b9b2aaddd7ca1845422aec31ac5,DuplicateGroupID=85; GroupSize=2
FOIA_7a_FY2020_Present_asof_260630,59592,EXACT_DUPLICATE,,2fbd80a5ac756529ff2bd5813bbda59143a97b9b2aaddd7ca1845422aec31ac5,DuplicateGroupID=85; GroupSize=2
FOIA_7a_FY2020_Present_asof_260630,60937,CHARGEOFF_AFTER_ASOF,ChargeOffDate,2026-07-01,AsOfDate=2026-06-30
FOIA_7a_FY2020_Present_asof_260630,61067,EXACT_DUPLICATE,,6a4aae609f9debb6a72f40a073a0e7350c5d4e3e2ee22b199fb546cba56774e5,DuplicateGroupID=86; GroupSize=2
FOIA_7a_FY2020_Present_asof_260630,61225,EXACT_DUPLICATE,,6a4aae609f9debb6a72f40a073a0e7350c5d4e3e2ee22b199fb546cba56774e5,DuplicateGroupID=86; GroupSize=2
FOIA_7a_FY2020_Present_asof_260630,61886,EXACT_DUPLICATE,,8f0dc69644b4825a7fb700723784b82a11684233923e17b9638c5ba69c556433,DuplicateGroupID=87; GroupSize=2
FOIA_7a_FY2020_Present_asof_260630,62005,EXACT_DUPLICATE,,8f0dc69644b4825a7fb700723784b82a11684233923e17b9638c5ba69c556433,DuplicateGroupID=87; GroupSize=2
FOIA_7a_FY2020_Present_asof_260630,62527,CHARGEOFF_AFTER_ASOF,ChargeOffDate,2026-07-01,AsOfDate=2026-06-30
FOIA_7a_FY2020_Present_asof_260630,63065,RATE_ZERO,InitialInterestRate,0.0,
FOIA_7a_FY2020_Present_asof_260630,63910,RATE_ZERO,InitialInterestRate,0.0,
FOIA_7a_FY2020_Present_asof_260630,64153,RATE_ZERO,InitialInterestRate,0.0,
FOIA_7a_FY2020_Present_asof_260630,64247,RATE_ZERO,InitialInterestRate,0.0,
FOIA_7a_FY2020_Present_asof_260630,64530,RATE_ZERO,InitialInterestRate,0.0,
FOIA_7a_FY2020_Present_asof_260630,66707,RATE_ZERO,InitialInterestRate,0.0,
FOIA_7a_FY2020_Present_asof_260630,66825,EXACT_DUPLICATE,,13cb399f66d2e27225bb481a4c9c5f41812628843f6c656296981ed0fb18d180,DuplicateGroupID=88; GroupSize=3
FOIA_7a_FY2020_Present_asof_260630,66870,EXACT_DUPLICATE,,13cb399f66d2e27225bb481a4c9c5f41812628843f6c656296981ed0fb18d180,DuplicateGroupID=88; GroupSize=3
FOIA_7a_FY2020_Present_asof_260630,66922,EXACT_DUPLICATE,,13cb399f66d2e27225bb481a4c9c5f41812628843f6c656296981ed0fb18d180,DuplicateGroupID=88; GroupSize=3
FOIA_7a_FY2020_Present_asof_260630,66998,EXACT_DUPLICATE,,7b21b038963f63283f686877a5a03e429cf3017daf4d65e6a1c6a94ae59fbd19,DuplicateGroupID=89; GroupSize=2
FOIA_7a_FY2020_Present_asof_260630,67133,EXACT_DUPLICATE,,7b21b038963f63283f686877a5a03e429cf3017daf4d65e6a1c6a94ae59fbd19,DuplicateGroupID=89; GroupSize=2
FOIA_7a_FY2020_Present_asof_260630,67167,RATE_ZERO,InitialInterestRate,0.0,
FOIA_7a_FY2020_Present_asof_260630,67755,RATE_ZERO,InitialInterestRate,0.0,
FOIA_7a_FY2020_Present_asof_260630,67849,EXACT_DUPLICATE,,e4b0bdeb393da3b9447cdc0bb4e1d4158c1997bc01f015533c41e641d86cf833,DuplicateGroupID=90; GroupSize=2
FOIA_7a_FY2020_Present_asof_260630,67859,EXACT_DUPLICATE,,e4b0bdeb393da3b9447cdc0bb4e1d4158c1997bc01f015533c41e641d86cf833,DuplicateGroupID=90; GroupSize=2
FOIA_7a_FY2020_Present_asof_260630,69124,CHARGEOFF_AFTER_ASOF,ChargeOffDate,2026-07-01,AsOfDate=2026-06-30
FOIA_7a_FY2020_Present_asof_260630,69148,EXACT_DUPLICATE,,6202afe5dca24dda7cf232ea6731b4afaa89fe3d09eaac8ec7a028ad5007e053,DuplicateGroupID=91; GroupSize=2
FOIA_7a_FY2020_Present_asof_260630,69249,EXACT_DUPLICATE,,6202afe5dca24dda7cf232ea6731b4afaa89fe3d09eaac8ec7a028ad5007e053,DuplicateGroupID=91; GroupSize=2
FOIA_7a_FY2020_Present_asof_260630,71037,RATE_ZERO,InitialInterestRate,0.0,
FOIA_7a_FY2020_Present_asof_260630,71230,EXACT_DUPLICATE,,91ddc75def7e2c6ed2666c6f307f647593115647eaf3287c1fa5019035285100,DuplicateGroupID=92; GroupSize=2
FOIA_7a_FY2020_Present_asof_260630,71255,EXACT_DUPLICATE,,91ddc75def7e2c6ed2666c6f307f647593115647eaf3287c1fa5019035285100,DuplicateGroupID=92; GroupSize=2
FOIA_7a_FY2020_Present_asof_260630,71726,EXACT_DUPLICATE,,f76c2770c118d91ced34b8bc8c29ae1593ccc0d253bb03295b438530a4fec3d9,DuplicateGroupID=93; GroupSize=2
FOIA_7a_FY2020_Present_asof_260630,71728,EXACT_DUPLICATE,,f76c2770c118d91ced34b8bc8c29ae1593ccc0d253bb03295b438530a4fec3d9,DuplicateGroupID=93; GroupSize=2
FOIA_7a_FY2020_Present_asof_260630,72078,RATE_ZERO,InitialInterestRate,0.0,
FOIA_7a_FY2020_Present_asof_260630,72681,RATE_ZERO,InitialInterestRate,0.0,
FOIA_7a_FY2020_Present_asof_260630,73004,TERM_ZERO,TermInMonths,0.0,
FOIA_7a_FY2020_Present_asof_260630,73961,RATE_ZERO,InitialInterestRate,0.0,
FOIA_7a_FY2020_Present_asof_260630,74725,RATE_ZERO,InitialInterestRate,0.0,
FOIA_7a_FY2020_Present_asof_260630,75892,RATE_ZERO,InitialInterestRate,0.0,
FOIA_7a_FY2020_Present_asof_260630,76232,RATE_ZERO,InitialInterestRate,0.0,
FOIA_7a_FY2020_Present_asof_260630,76332,RATE_ZERO,InitialInterestRate,0.0,
FOIA_7a_FY2020_Present_asof_260630,76654,RATE_ZERO,InitialInterestRate,0.0,
FOIA_7a_FY2020_Present_asof_260630,77135,RATE_ZERO,InitialInterestRate,0.0,
FOIA_7a_FY2020_Present_asof_260630,77228,RATE_ZERO,InitialInterestRate,0.0,
FOIA_7a_FY2020_Present_asof_260630,77548,RATE_ZERO,InitialInterestRate,0.0,
FOIA_7a_FY2020_Present_asof_260630,77639,RATE_ZERO,InitialInterestRate,0.0,
FOIA_7a_FY2020_Present_asof_260630,78213,EXACT_DUPLICATE,,5ed40e8199342249ee27d7ba14ffd2acfc2b27c37d40dbb318ec8220ea8c014e,DuplicateGroupID=94; GroupSize=2
FOIA_7a_FY2020_Present_asof_260630,78290,RATE_ZERO,InitialInterestRate,0.0,
FOIA_7a_FY2020_Present_asof_260630,78397,EXACT_DUPLICATE,,5ed40e8199342249ee27d7ba14ffd2acfc2b27c37d40dbb318ec8220ea8c014e,DuplicateGroupID=94; GroupSize=2
FOIA_7a_FY2020_Present_asof_260630,79095,RATE_ZERO,InitialInterestRate,0.0,
FOIA_7a_FY2020_Present_asof_260630,79374,EXACT_DUPLICATE,,d2a668bf92ccf9b462c26411711c96b49a8c9735576e0e85d8408937222e7b45,DuplicateGroupID=95; GroupSize=2
FOIA_7a_FY2020_Present_asof_260630,79597,EXACT_DUPLICATE,,d2a668bf92ccf9b462c26411711c96b49a8c9735576e0e85d8408937222e7b45,DuplicateGroupID=95; GroupSize=2
FOIA_7a_FY2020_Present_asof_260630,79878,EXACT_DUPLICATE,,d286ca552ee6e5ca9ccb4c2c657726563ce7c5b24609f7ff368aedb4d601f660,DuplicateGroupID=96; GroupSize=2
FOIA_7a_FY2020_Present_asof_260630,80042,EXACT_DUPLICATE,,d286ca552ee6e5ca9ccb4c2c657726563ce7c5b24609f7ff368aedb4d601f660,DuplicateGroupID=96; GroupSize=2
FOIA_7a_FY2020_Present_asof_260630,80518,RATE_ZERO,InitialInterestRate,0.0,
FOIA_7a_FY2020_Present_asof_260630,80739,EXACT_DUPLICATE,,84ce78d2138c935be76ca84594482c07f41e2534f0fe69c9554a87e109775ea9,DuplicateGroupID=97; GroupSize=2
FOIA_7a_FY2020_Present_asof_260630,80795,EXACT_DUPLICATE,,84ce78d2138c935be76ca84594482c07f41e2534f0fe69c9554a87e109775ea9,DuplicateGroupID=97; GroupSize=2
FOIA_7a_FY2020_Present_asof_260630,81174,AMOUNT_SCALE_GT_2,SBAGuaranteedApproval,3749992.425,"kept at source precision; DECIMAL(x,2) would round it"
FOIA_7a_FY2020_Present_asof_260630,81826,EXACT_DUPLICATE,,710880b311536d10d76495aab9511883dae615fd3d724304d962171cddb3fa1c,DuplicateGroupID=98; GroupSize=2
FOIA_7a_FY2020_Present_asof_260630,81915,EXACT_DUPLICATE,,710880b311536d10d76495aab9511883dae615fd3d724304d962171cddb3fa1c,DuplicateGroupID=98; GroupSize=2
FOIA_7a_FY2020_Present_asof_260630,82651,EXACT_DUPLICATE,,26f690ee30a46b14bf97211da11d4718e7eae394991a3ccd01ab2b658acd1347,DuplicateGroupID=99; GroupSize=2
FOIA_7a_FY2020_Present_asof_260630,82755,EXACT_DUPLICATE,,26f690ee30a46b14bf97211da11d4718e7eae394991a3ccd01ab2b658acd1347,DuplicateGroupID=99; GroupSize=2
FOIA_7a_FY2020_Present_asof_260630,82919,EXACT_DUPLICATE,,ffb9a59ee5d5efa4c7f53787476b2b179704fd31c2d521c8999bcb2d7de85ae6,DuplicateGroupID=100; GroupSize=5
FOIA_7a_FY2020_Present_asof_260630,82937,EXACT_DUPLICATE,,ffb9a59ee5d5efa4c7f53787476b2b179704fd31c2d521c8999bcb2d7de85ae6,DuplicateGroupID=100; GroupSize=5
FOIA_7a_FY2020_Present_asof_260630,82961,EXACT_DUPLICATE,,ffb9a59ee5d5efa4c7f53787476b2b179704fd31c2d521c8999bcb2d7de85ae6,DuplicateGroupID=100; GroupSize=5
FOIA_7a_FY2020_Present_asof_260630,82973,EXACT_DUPLICATE,,ffb9a59ee5d5efa4c7f53787476b2b179704fd31c2d521c8999bcb2d7de85ae6,DuplicateGroupID=100; GroupSize=5
FOIA_7a_FY2020_Present_asof_260630,83002,EXACT_DUPLICATE,,ffb9a59ee5d5efa4c7f53787476b2b179704fd31c2d521c8999bcb2d7de85ae6,DuplicateGroupID=100; GroupSize=5
FOIA_7a_FY2020_Present_asof_260630,83544,EXACT_DUPLICATE,,8980bd5876325a81aed125c8b31bd1e92ecd28f1607cb9949c0eb266ad167424,DuplicateGroupID=101; GroupSize=4
FOIA_7a_FY2020_Present_asof_260630,83657,EXACT_DUPLICATE,,293526556149070a3d09338918ff6ae8549fe9bf45e28b04b459979ea59ecf7a,DuplicateGroupID=102; GroupSize=2
FOIA_7a_FY2020_Present_asof_260630,83677,EXACT_DUPLICATE,,293526556149070a3d09338918ff6ae8549fe9bf45e28b04b459979ea59ecf7a,DuplicateGroupID=102; GroupSize=2
FOIA_7a_FY2020_Present_asof_260630,83745,EXACT_DUPLICATE,,8980bd5876325a81aed125c8b31bd1e92ecd28f1607cb9949c0eb266ad167424,DuplicateGroupID=101; GroupSize=4
FOIA_7a_FY2020_Present_asof_260630,83747,EXACT_DUPLICATE,,8980bd5876325a81aed125c8b31bd1e92ecd28f1607cb9949c0eb266ad167424,DuplicateGroupID=101; GroupSize=4
FOIA_7a_FY2020_Present_asof_260630,83749,EXACT_DUPLICATE,,8980bd5876325a81aed125c8b31bd1e92ecd28f1607cb9949c0eb266ad167424,DuplicateGroupID=101; GroupSize=4
FOIA_7a_FY2020_Present_asof_260630,84754,AMOUNT_SCALE_GT_2,SBAGuaranteedApproval,3749975.124,"kept at source precision; DECIMAL(x,2) would round it"
FOIA_7a_FY2020_Present_asof_260630,87814,EXACT_DUPLICATE,,9370762670c0cbeacca97e38b033e1bc32d1191c3292f9d7bdb0ce21c2420768,DuplicateGroupID=103; GroupSize=2
FOIA_7a_FY2020_Present_asof_260630,87839,EXACT_DUPLICATE,,9370762670c0cbeacca97e38b033e1bc32d1191c3292f9d7bdb0ce21c2420768,DuplicateGroupID=103; GroupSize=2
FOIA_7a_FY2020_Present_asof_260630,88229,EXACT_DUPLICATE,,11d85b804e54cfacb37653af4ace11e0a9fe1217832f5b62ce34ec021d5c0a7d,DuplicateGroupID=104; GroupSize=5
FOIA_7a_FY2020_Present_asof_260630,88235,EXACT_DUPLICATE,,11d85b804e54cfacb37653af4ace11e0a9fe1217832f5b62ce34ec021d5c0a7d,DuplicateGroupID=104; GroupSize=5
FOIA_7a_FY2020_Present_asof_260630,88260,EXACT_DUPLICATE,,11d85b804e54cfacb37653af4ace11e0a9fe1217832f5b62ce34ec021d5c0a7d,DuplicateGroupID=104; GroupSize=5
FOIA_7a_FY2020_Present_asof_260630,88352,EXACT_DUPLICATE,,21d1470e8a06f9538487caafdc7e9a1b3e6192fb00f92c76e807556f5d22dbf0,DuplicateGroupID=105; GroupSize=2
FOIA_7a_FY2020_Present_asof_260630,88393,EXACT_DUPLICATE,,21d1470e8a06f9538487caafdc7e9a1b3e6192fb00f92c76e807556f5d22dbf0,DuplicateGroupID=105; GroupSize=2
FOIA_7a_FY2020_Present_asof_260630,88404,EXACT_DUPLICATE,,11d85b804e54cfacb37653af4ace11e0a9fe1217832f5b62ce34ec021d5c0a7d,DuplicateGroupID=104; GroupSize=5
FOIA_7a_FY2020_Present_asof_260630,88443,EXACT_DUPLICATE,,11d85b804e54cfacb37653af4ace11e0a9fe1217832f5b62ce34ec021d5c0a7d,DuplicateGroupID=104; GroupSize=5
FOIA_7a_FY2020_Present_asof_260630,88503,EXACT_DUPLICATE,,718709bf654806d7e68bec1e40bd29db701a3fc178c00d027486f1f8b656bb24,DuplicateGroupID=106; GroupSize=2
FOIA_7a_FY2020_Present_asof_260630,88741,EXACT_DUPLICATE,,718709bf654806d7e68bec1e40bd29db701a3fc178c00d027486f1f8b656bb24,DuplicateGroupID=106; GroupSize=2
FOIA_7a_FY2020_Present_asof_260630,90058,EXACT_DUPLICATE,,84ee28793ec7afb033c356570b8426714d178442c4c206f25f0cb54c13331b17,DuplicateGroupID=107; GroupSize=5
FOIA_7a_FY2020_Present_asof_260630,90118,EXACT_DUPLICATE,,84ee28793ec7afb033c356570b8426714d178442c4c206f25f0cb54c13331b17,DuplicateGroupID=107; GroupSize=5
FOIA_7a_FY2020_Present_asof_260630,90255,EXACT_DUPLICATE,,84ee28793ec7afb033c356570b8426714d178442c4c206f25f0cb54c13331b17,DuplicateGroupID=107; GroupSize=5
FOIA_7a_FY2020_Present_asof_260630,90301,EXACT_DUPLICATE,,84ee28793ec7afb033c356570b8426714d178442c4c206f25f0cb54c13331b17,DuplicateGroupID=107; GroupSize=5
FOIA_7a_FY2020_Present_asof_260630,90317,EXACT_DUPLICATE,,84ee28793ec7afb033c356570b8426714d178442c4c206f25f0cb54c13331b17,DuplicateGroupID=107; GroupSize=5
FOIA_7a_FY2020_Present_asof_260630,90576,RATE_ZERO,InitialInterestRate,0.0,
FOIA_7a_FY2020_Present_asof_260630,90661,EXACT_DUPLICATE,,771a0f36daa0916a1f496e8c0aeb399f8c540de32d0a09b7e0b81653bd71a7ba,DuplicateGroupID=108; GroupSize=2
FOIA_7a_FY2020_Present_asof_260630,90665,EXACT_DUPLICATE,,771a0f36daa0916a1f496e8c0aeb399f8c540de32d0a09b7e0b81653bd71a7ba,DuplicateGroupID=108; GroupSize=2
FOIA_7a_FY2020_Present_asof_260630,90938,EXACT_DUPLICATE,,b6f5b61b6b8b6871e6e2cd4dcb34c854f1293c2513c0bddfac8a7217189249c2,DuplicateGroupID=109; GroupSize=2
FOIA_7a_FY2020_Present_asof_260630,91113,EXACT_DUPLICATE,,b6f5b61b6b8b6871e6e2cd4dcb34c854f1293c2513c0bddfac8a7217189249c2,DuplicateGroupID=109; GroupSize=2
FOIA_7a_FY2020_Present_asof_260630,91229,EXACT_DUPLICATE,,e79c94a3236ee6ade1532272388f9894b8531e99027086e399228949081a964b,DuplicateGroupID=110; GroupSize=5
FOIA_7a_FY2020_Present_asof_260630,91417,EXACT_DUPLICATE,,e79c94a3236ee6ade1532272388f9894b8531e99027086e399228949081a964b,DuplicateGroupID=110; GroupSize=5
FOIA_7a_FY2020_Present_asof_260630,91562,EXACT_DUPLICATE,,e79c94a3236ee6ade1532272388f9894b8531e99027086e399228949081a964b,DuplicateGroupID=110; GroupSize=5
FOIA_7a_FY2020_Present_asof_260630,91578,EXACT_DUPLICATE,,e79c94a3236ee6ade1532272388f9894b8531e99027086e399228949081a964b,DuplicateGroupID=110; GroupSize=5
FOIA_7a_FY2020_Present_asof_260630,91580,EXACT_DUPLICATE,,e79c94a3236ee6ade1532272388f9894b8531e99027086e399228949081a964b,DuplicateGroupID=110; GroupSize=5
FOIA_7a_FY2020_Present_asof_260630,91777,EXACT_DUPLICATE,,8942fea5d48b63f364459722ae8abd5af3b89c2c593eb8367e8a734b22b758eb,DuplicateGroupID=111; GroupSize=2
FOIA_7a_FY2020_Present_asof_260630,92088,EXACT_DUPLICATE,,8942fea5d48b63f364459722ae8abd5af3b89c2c593eb8367e8a734b22b758eb,DuplicateGroupID=111; GroupSize=2
FOIA_7a_FY2020_Present_asof_260630,93025,EXACT_DUPLICATE,,bc821326c2b8131662b693396dbac4318b0d07b2d1d6d1b5aada80900d4845cb,DuplicateGroupID=112; GroupSize=2
FOIA_7a_FY2020_Present_asof_260630,93368,EXACT_DUPLICATE,,bc821326c2b8131662b693396dbac4318b0d07b2d1d6d1b5aada80900d4845cb,DuplicateGroupID=112; GroupSize=2
FOIA_7a_FY2020_Present_asof_260630,93482,EXACT_DUPLICATE,,de0784fcd5d529d6b4b0d970fc3918248b16520d98fd13c66bbcde2dbbd880f5,DuplicateGroupID=113; GroupSize=2
FOIA_7a_FY2020_Present_asof_260630,93495,EXACT_DUPLICATE,,c80a5c82ead20823216e8b66a7ae7231e0ec3e8d4bfb064ce213afe031648e0b,DuplicateGroupID=114; GroupSize=2
FOIA_7a_FY2020_Present_asof_260630,93531,EXACT_DUPLICATE,,de0784fcd5d529d6b4b0d970fc3918248b16520d98fd13c66bbcde2dbbd880f5,DuplicateGroupID=113; GroupSize=2
FOIA_7a_FY2020_Present_asof_260630,93679,EXACT_DUPLICATE,,c80a5c82ead20823216e8b66a7ae7231e0ec3e8d4bfb064ce213afe031648e0b,DuplicateGroupID=114; GroupSize=2
FOIA_7a_FY2020_Present_asof_260630,93869,EXACT_DUPLICATE,,785dd07d3ba5ab663a92c2b6c7d94d68d8a0f0b42eec60e201ea98a8e97628fa,DuplicateGroupID=115; GroupSize=2
FOIA_7a_FY2020_Present_asof_260630,93874,EXACT_DUPLICATE,,f314a54b0797c9b9e51d30328a9d6498af24192cae76675ffcefb729a61357c0,DuplicateGroupID=116; GroupSize=3
FOIA_7a_FY2020_Present_asof_260630,93881,EXACT_DUPLICATE,,f314a54b0797c9b9e51d30328a9d6498af24192cae76675ffcefb729a61357c0,DuplicateGroupID=116; GroupSize=3
FOIA_7a_FY2020_Present_asof_260630,93950,EXACT_DUPLICATE,,15bf755c95819f6f132514573149280a387c47bd490b1551ddddc9e9e8ca8e45,DuplicateGroupID=117; GroupSize=2
FOIA_7a_FY2020_Present_asof_260630,93967,EXACT_DUPLICATE,,b9dddf4958b54d759c269a74ec98d0050cfc4a1d2c47491184e6eb558ed2b1ca,DuplicateGroupID=118; GroupSize=2
FOIA_7a_FY2020_Present_asof_260630,93968,EXACT_DUPLICATE,,3916ec0c1fe1c33d09f637985a0926a7d831e612a7ee2b0b5d8cf3e8150f4017,DuplicateGroupID=119; GroupSize=2
FOIA_7a_FY2020_Present_asof_260630,93980,EXACT_DUPLICATE,,f314a54b0797c9b9e51d30328a9d6498af24192cae76675ffcefb729a61357c0,DuplicateGroupID=116; GroupSize=3
FOIA_7a_FY2020_Present_asof_260630,93997,EXACT_DUPLICATE,,785dd07d3ba5ab663a92c2b6c7d94d68d8a0f0b42eec60e201ea98a8e97628fa,DuplicateGroupID=115; GroupSize=2
FOIA_7a_FY2020_Present_asof_260630,94019,EXACT_DUPLICATE,,b9dddf4958b54d759c269a74ec98d0050cfc4a1d2c47491184e6eb558ed2b1ca,DuplicateGroupID=118; GroupSize=2
FOIA_7a_FY2020_Present_asof_260630,94024,EXACT_DUPLICATE,,15bf755c95819f6f132514573149280a387c47bd490b1551ddddc9e9e8ca8e45,DuplicateGroupID=117; GroupSize=2
FOIA_7a_FY2020_Present_asof_260630,94030,EXACT_DUPLICATE,,041ad3dd2fd03eb290c33b6c7efb095ee9089b47a72578c7552e639407706670,DuplicateGroupID=120; GroupSize=2
FOIA_7a_FY2020_Present_asof_260630,94049,EXACT_DUPLICATE,,3916ec0c1fe1c33d09f637985a0926a7d831e612a7ee2b0b5d8cf3e8150f4017,DuplicateGroupID=119; GroupSize=2
FOIA_7a_FY2020_Present_asof_260630,94050,EXACT_DUPLICATE,,041ad3dd2fd03eb290c33b6c7efb095ee9089b47a72578c7552e639407706670,DuplicateGroupID=120; GroupSize=2
FOIA_7a_FY2020_Present_asof_260630,94163,EXACT_DUPLICATE,,bdce35fb64e8d434170e06de4b2fd9b9f60ec1acaf90c07d03c6f18193b7aba7,DuplicateGroupID=121; GroupSize=2
FOIA_7a_FY2020_Present_asof_260630,94169,EXACT_DUPLICATE,,bdce35fb64e8d434170e06de4b2fd9b9f60ec1acaf90c07d03c6f18193b7aba7,DuplicateGroupID=121; GroupSize=2
FOIA_7a_FY2020_Present_asof_260630,94500,TERM_ZERO,TermInMonths,0.0,
FOIA_7a_FY2020_Present_asof_260630,94524,CHGOFF_MISSING_DATE,ChargeOffDate,,
FOIA_7a_FY2020_Present_asof_260630,94886,EXACT_DUPLICATE,,37ed1df023ab984030c55b5132f08dc0e618c7ccf08dade5a7a3e0cd8365f530,DuplicateGroupID=122; GroupSize=2
FOIA_7a_FY2020_Present_asof_260630,94895,EXACT_DUPLICATE,,f710be80afe711190ff929d6929b7ae213738165bf2035fe4350200100609c1a,DuplicateGroupID=123; GroupSize=2
FOIA_7a_FY2020_Present_asof_260630,94926,EXACT_DUPLICATE,,37ed1df023ab984030c55b5132f08dc0e618c7ccf08dade5a7a3e0cd8365f530,DuplicateGroupID=122; GroupSize=2
FOIA_7a_FY2020_Present_asof_260630,94954,EXACT_DUPLICATE,,f710be80afe711190ff929d6929b7ae213738165bf2035fe4350200100609c1a,DuplicateGroupID=123; GroupSize=2
FOIA_7a_FY2020_Present_asof_260630,94970,EXACT_DUPLICATE,,9716acc8260ed2040b4026bd1b2564b90f2104855a1e00d9ab2d61961dea2f0c,DuplicateGroupID=124; GroupSize=3
FOIA_7a_FY2020_Present_asof_260630,95030,EXACT_DUPLICATE,,9716acc8260ed2040b4026bd1b2564b90f2104855a1e00d9ab2d61961dea2f0c,DuplicateGroupID=124; GroupSize=3
FOIA_7a_FY2020_Present_asof_260630,95037,EXACT_DUPLICATE,,9716acc8260ed2040b4026bd1b2564b90f2104855a1e00d9ab2d61961dea2f0c,DuplicateGroupID=124; GroupSize=3
FOIA_7a_FY2020_Present_asof_260630,96031,EXACT_DUPLICATE,,45aefaca5217b1e2d88264a9de6f05349a2aba7a43ea95feb85b04d9eefdcfe0,DuplicateGroupID=125; GroupSize=2
FOIA_7a_FY2020_Present_asof_260630,96062,EXACT_DUPLICATE,,45aefaca5217b1e2d88264a9de6f05349a2aba7a43ea95feb85b04d9eefdcfe0,DuplicateGroupID=125; GroupSize=2
FOIA_7a_FY2020_Present_asof_260630,102286,EXACT_DUPLICATE,,04be80b475e8e7c2360e72ecaab30b7ba10a75984fa05cfefae199b3a2ba50b0,DuplicateGroupID=126; GroupSize=2
FOIA_7a_FY2020_Present_asof_260630,102335,EXACT_DUPLICATE,,04be80b475e8e7c2360e72ecaab30b7ba10a75984fa05cfefae199b3a2ba50b0,DuplicateGroupID=126; GroupSize=2
FOIA_7a_FY2020_Present_asof_260630,103032,EXACT_DUPLICATE,,706f484588d735c4cb3e1f8f027383408cf6ab36918361bcc165a07bf10905b2,DuplicateGroupID=127; GroupSize=2
FOIA_7a_FY2020_Present_asof_260630,103042,EXACT_DUPLICATE,,706f484588d735c4cb3e1f8f027383408cf6ab36918361bcc165a07bf10905b2,DuplicateGroupID=127; GroupSize=2
FOIA_7a_FY2020_Present_asof_260630,105759,EXACT_DUPLICATE,,8c3deeb14df971dc045e0ce2933070b1c6a8eb1dca2bbc43e99ec60b9e181c6c,DuplicateGroupID=128; GroupSize=3
FOIA_7a_FY2020_Present_asof_260630,105855,EXACT_DUPLICATE,,8c3deeb14df971dc045e0ce2933070b1c6a8eb1dca2bbc43e99ec60b9e181c6c,DuplicateGroupID=128; GroupSize=3
FOIA_7a_FY2020_Present_asof_260630,105857,EXACT_DUPLICATE,,8c3deeb14df971dc045e0ce2933070b1c6a8eb1dca2bbc43e99ec60b9e181c6c,DuplicateGroupID=128; GroupSize=3
FOIA_7a_FY2020_Present_asof_260630,106096,EXACT_DUPLICATE,,0a783551e529d756c10801b65076b26a3e128eca3170fa6c546d9e6158487541,DuplicateGroupID=129; GroupSize=2
FOIA_7a_FY2020_Present_asof_260630,106130,EXACT_DUPLICATE,,0a783551e529d756c10801b65076b26a3e128eca3170fa6c546d9e6158487541,DuplicateGroupID=129; GroupSize=2
FOIA_7a_FY2020_Present_asof_260630,108529,RATE_ZERO,InitialInterestRate,0.0,
FOIA_7a_FY2020_Present_asof_260630,110319,RATE_ZERO,InitialInterestRate,0.0,
FOIA_7a_FY2020_Present_asof_260630,110454,EXACT_DUPLICATE,,0b22767f15e625b80c9660360762bed46f22d446eb4db0802acbf6e12ae75b91,DuplicateGroupID=130; GroupSize=2
FOIA_7a_FY2020_Present_asof_260630,110499,EXACT_DUPLICATE,,0b22767f15e625b80c9660360762bed46f22d446eb4db0802acbf6e12ae75b91,DuplicateGroupID=130; GroupSize=2
FOIA_7a_FY2020_Present_asof_260630,111414,EXACT_DUPLICATE,,df019ea7069a98099d6b4f5853e18aabf4d2cda02541f662f803a4551c9dc587,DuplicateGroupID=131; GroupSize=2
FOIA_7a_FY2020_Present_asof_260630,111440,EXACT_DUPLICATE,,df019ea7069a98099d6b4f5853e18aabf4d2cda02541f662f803a4551c9dc587,DuplicateGroupID=131; GroupSize=2
FOIA_7a_FY2020_Present_asof_260630,112137,RATE_ZERO,InitialInterestRate,0.0,
FOIA_7a_FY2020_Present_asof_260630,112208,RATE_ZERO,InitialInterestRate,0.0,
FOIA_7a_FY2020_Present_asof_260630,112262,RATE_ZERO,InitialInterestRate,0.0,
FOIA_7a_FY2020_Present_asof_260630,112465,RATE_ZERO,InitialInterestRate,0.0,
FOIA_7a_FY2020_Present_asof_260630,113021,EXACT_DUPLICATE,,10b59dee3bd012bf23b47a5372fe183dda5314f62d095e74430a24ddaca45a12,DuplicateGroupID=132; GroupSize=2
FOIA_7a_FY2020_Present_asof_260630,113122,EXACT_DUPLICATE,,10b59dee3bd012bf23b47a5372fe183dda5314f62d095e74430a24ddaca45a12,DuplicateGroupID=132; GroupSize=2
FOIA_7a_FY2020_Present_asof_260630,113158,RATE_ZERO,InitialInterestRate,0.0,
FOIA_7a_FY2020_Present_asof_260630,114258,EXACT_DUPLICATE,,cdf3b6603ca628f7d8859643f04d6a01558aff2a7a01acbf4b7e594a61f0d0ce,DuplicateGroupID=133; GroupSize=2
FOIA_7a_FY2020_Present_asof_260630,114384,EXACT_DUPLICATE,,cdf3b6603ca628f7d8859643f04d6a01558aff2a7a01acbf4b7e594a61f0d0ce,DuplicateGroupID=133; GroupSize=2
FOIA_7a_FY2020_Present_asof_260630,115412,RATE_ZERO,InitialInterestRate,0.0,
FOIA_7a_FY2020_Present_asof_260630,115627,RATE_ZERO,InitialInterestRate,0.0,
FOIA_7a_FY2020_Present_asof_260630,115793,RATE_ZERO,InitialInterestRate,0.0,
FOIA_7a_FY2020_Present_asof_260630,115896,CHARGEOFF_AFTER_ASOF,ChargeOffDate,2026-07-01,AsOfDate=2026-06-30
FOIA_7a_FY2020_Present_asof_260630,116382,RATE_ZERO,InitialInterestRate,0.0,
FOIA_7a_FY2020_Present_asof_260630,116551,RATE_ZERO,InitialInterestRate,0.0,
FOIA_7a_FY2020_Present_asof_260630,116630,RATE_ZERO,InitialInterestRate,0.0,
FOIA_7a_FY2020_Present_asof_260630,117345,RATE_ZERO,InitialInterestRate,0.0,
FOIA_7a_FY2020_Present_asof_260630,117373,EXACT_DUPLICATE,,32b207d9e1727c9f8e2528c645c2b38cffa1051c844c54adcc4f2dc2204e78cb,DuplicateGroupID=134; GroupSize=2
FOIA_7a_FY2020_Present_asof_260630,117535,EXACT_DUPLICATE,,32b207d9e1727c9f8e2528c645c2b38cffa1051c844c54adcc4f2dc2204e78cb,DuplicateGroupID=134; GroupSize=2
FOIA_7a_FY2020_Present_asof_260630,117572,EXACT_DUPLICATE,,2fd8979dd4651aa4359a7c2bb851e236bcea03dcfdba53bed33d72c1af64f9c7,DuplicateGroupID=135; GroupSize=2
FOIA_7a_FY2020_Present_asof_260630,117579,EXACT_DUPLICATE,,2fd8979dd4651aa4359a7c2bb851e236bcea03dcfdba53bed33d72c1af64f9c7,DuplicateGroupID=135; GroupSize=2
FOIA_7a_FY2020_Present_asof_260630,118381,RATE_ZERO,InitialInterestRate,0.0,
FOIA_7a_FY2020_Present_asof_260630,118560,RATE_ZERO,InitialInterestRate,0.0,
FOIA_7a_FY2020_Present_asof_260630,118561,RATE_ZERO,InitialInterestRate,0.0,
FOIA_7a_FY2020_Present_asof_260630,119556,EXACT_DUPLICATE,,2a1a6a4a08cf4e67b0d65bd5781391dccde12a19b8baea1b228c6e8b399d4727,DuplicateGroupID=136; GroupSize=2
FOIA_7a_FY2020_Present_asof_260630,119557,EXACT_DUPLICATE,,2a1a6a4a08cf4e67b0d65bd5781391dccde12a19b8baea1b228c6e8b399d4727,DuplicateGroupID=136; GroupSize=2
FOIA_7a_FY2020_Present_asof_260630,120481,RATE_ZERO,InitialInterestRate,0.0,
FOIA_7a_FY2020_Present_asof_260630,120696,EXACT_DUPLICATE,,4a0f7b54906f2d6a5c037c029e11a2fa08ec4cbd978ac57615647f3b5b3d33a4,DuplicateGroupID=137; GroupSize=2
FOIA_7a_FY2020_Present_asof_260630,120712,EXACT_DUPLICATE,,97fc17600e2585486cbfcd3f27928e05ae590cf1704b0c009a099e6a14966719,DuplicateGroupID=138; GroupSize=2
FOIA_7a_FY2020_Present_asof_260630,120734,EXACT_DUPLICATE,,4a0f7b54906f2d6a5c037c029e11a2fa08ec4cbd978ac57615647f3b5b3d33a4,DuplicateGroupID=137; GroupSize=2
FOIA_7a_FY2020_Present_asof_260630,120749,EXACT_DUPLICATE,,52167c6bbe581a297cbe35412203a92aea14484d0aa08aa18f41ad386b8b61f9,DuplicateGroupID=139; GroupSize=2
FOIA_7a_FY2020_Present_asof_260630,120759,EXACT_DUPLICATE,,52167c6bbe581a297cbe35412203a92aea14484d0aa08aa18f41ad386b8b61f9,DuplicateGroupID=139; GroupSize=2
FOIA_7a_FY2020_Present_asof_260630,120781,EXACT_DUPLICATE,,97fc17600e2585486cbfcd3f27928e05ae590cf1704b0c009a099e6a14966719,DuplicateGroupID=138; GroupSize=2
FOIA_7a_FY2020_Present_asof_260630,120969,EXACT_DUPLICATE,,ee926dd2771131bd478f78f1bccf95727bf7b809c27b6cec704f474fa258bf55,DuplicateGroupID=140; GroupSize=2
FOIA_7a_FY2020_Present_asof_260630,121029,EXACT_DUPLICATE,,ee926dd2771131bd478f78f1bccf95727bf7b809c27b6cec704f474fa258bf55,DuplicateGroupID=140; GroupSize=2
FOIA_7a_FY2020_Present_asof_260630,121549,RATE_ZERO,InitialInterestRate,0.0,
FOIA_7a_FY2020_Present_asof_260630,121758,RATE_ZERO,InitialInterestRate,0.0,
FOIA_7a_FY2020_Present_asof_260630,121855,EXACT_DUPLICATE,,51c94525e7e3ca7e5d82204cfb3a5f5a5faa95852683f8ad7f62bfcdef900bbf,DuplicateGroupID=141; GroupSize=2
FOIA_7a_FY2020_Present_asof_260630,121869,RATE_ZERO,InitialInterestRate,0.0,
FOIA_7a_FY2020_Present_asof_260630,121879,EXACT_DUPLICATE,,8b37c9c8d6e19a0f2a2008c0a578da3c5fde54abbfea477a28ac37e0d80dfc20,DuplicateGroupID=142; GroupSize=2
FOIA_7a_FY2020_Present_asof_260630,121930,EXACT_DUPLICATE,,8b37c9c8d6e19a0f2a2008c0a578da3c5fde54abbfea477a28ac37e0d80dfc20,DuplicateGroupID=142; GroupSize=2
FOIA_7a_FY2020_Present_asof_260630,121972,EXACT_DUPLICATE,,51c94525e7e3ca7e5d82204cfb3a5f5a5faa95852683f8ad7f62bfcdef900bbf,DuplicateGroupID=141; GroupSize=2
FOIA_7a_FY2020_Present_asof_260630,122026,RATE_ZERO,InitialInterestRate,0.0,
FOIA_7a_FY2020_Present_asof_260630,122505,EXACT_DUPLICATE,,b1c5da04329e594c5748edc0dc85875f010552da8bf8842b1690eb15a94ceb77,DuplicateGroupID=143; GroupSize=2
FOIA_7a_FY2020_Present_asof_260630,122513,EXACT_DUPLICATE,,b1c5da04329e594c5748edc0dc85875f010552da8bf8842b1690eb15a94ceb77,DuplicateGroupID=143; GroupSize=2
FOIA_7a_FY2020_Present_asof_260630,122861,EXACT_DUPLICATE,,3534060ed163579b1722388cb79bb1795ab259223edbfb1caceec3e1b69e33d5,DuplicateGroupID=144; GroupSize=2
FOIA_7a_FY2020_Present_asof_260630,122969,EXACT_DUPLICATE,,3534060ed163579b1722388cb79bb1795ab259223edbfb1caceec3e1b69e33d5,DuplicateGroupID=144; GroupSize=2
FOIA_7a_FY2020_Present_asof_260630,123239,EXACT_DUPLICATE,,f8ea04f7f4e4ba5ed9958fce37204a66980b2d3d3684026259d69d0916f1c482,DuplicateGroupID=145; GroupSize=3
FOIA_7a_FY2020_Present_asof_260630,123248,EXACT_DUPLICATE,,28d38ce301cab6fef84d95a2a58197717e4e99620d0e479fd24df48908c1ded1,DuplicateGroupID=146; GroupSize=3
FOIA_7a_FY2020_Present_asof_260630,123265,EXACT_DUPLICATE,,91844756baff70284a8a376d081572eb78b168101eac1cbc77d2b27cf4010421,DuplicateGroupID=147; GroupSize=2
FOIA_7a_FY2020_Present_asof_260630,123267,EXACT_DUPLICATE,,f8ea04f7f4e4ba5ed9958fce37204a66980b2d3d3684026259d69d0916f1c482,DuplicateGroupID=145; GroupSize=3
FOIA_7a_FY2020_Present_asof_260630,123290,EXACT_DUPLICATE,,28d38ce301cab6fef84d95a2a58197717e4e99620d0e479fd24df48908c1ded1,DuplicateGroupID=146; GroupSize=3
FOIA_7a_FY2020_Present_asof_260630,123302,EXACT_DUPLICATE,,f8ea04f7f4e4ba5ed9958fce37204a66980b2d3d3684026259d69d0916f1c482,DuplicateGroupID=145; GroupSize=3
FOIA_7a_FY2020_Present_asof_260630,123310,EXACT_DUPLICATE,,1327506525c7eb504cd396f0eba5cf3f754846ba27d67e7d62d182ea8ecad793,DuplicateGroupID=148; GroupSize=2
FOIA_7a_FY2020_Present_asof_260630,123338,EXACT_DUPLICATE,,1327506525c7eb504cd396f0eba5cf3f754846ba27d67e7d62d182ea8ecad793,DuplicateGroupID=148; GroupSize=2
FOIA_7a_FY2020_Present_asof_260630,123361,EXACT_DUPLICATE,,91844756baff70284a8a376d081572eb78b168101eac1cbc77d2b27cf4010421,DuplicateGroupID=147; GroupSize=2
FOIA_7a_FY2020_Present_asof_260630,123363,EXACT_DUPLICATE,,28d38ce301cab6fef84d95a2a58197717e4e99620d0e479fd24df48908c1ded1,DuplicateGroupID=146; GroupSize=3
FOIA_7a_FY2020_Present_asof_260630,123440,RATE_ZERO,InitialInterestRate,0.0,
FOIA_7a_FY2020_Present_asof_260630,123458,CHARGEOFF_AFTER_ASOF,ChargeOffDate,2026-07-01,AsOfDate=2026-06-30
FOIA_7a_FY2020_Present_asof_260630,123876,RATE_ZERO,InitialInterestRate,0.0,
FOIA_7a_FY2020_Present_asof_260630,124419,RATE_ZERO,InitialInterestRate,0.0,
FOIA_7a_FY2020_Present_asof_260630,124785,RATE_ZERO,InitialInterestRate,0.0,
FOIA_7a_FY2020_Present_asof_260630,124931,EXACT_DUPLICATE,,848befc9ab771e5857a6e77baa3e32c7bac0162b809d1464f4d5956c572a8617,DuplicateGroupID=149; GroupSize=2
FOIA_7a_FY2020_Present_asof_260630,125017,EXACT_DUPLICATE,,848befc9ab771e5857a6e77baa3e32c7bac0162b809d1464f4d5956c572a8617,DuplicateGroupID=149; GroupSize=2
FOIA_7a_FY2020_Present_asof_260630,125120,RATE_ZERO,InitialInterestRate,0.0,
FOIA_7a_FY2020_Present_asof_260630,125327,EXACT_DUPLICATE,,d5c155678bafb80cefe1ba19538c8aafaa3cbb4744dc1cf16bdbc976114482eb,DuplicateGroupID=150; GroupSize=2
FOIA_7a_FY2020_Present_asof_260630,125488,EXACT_DUPLICATE,,d5c155678bafb80cefe1ba19538c8aafaa3cbb4744dc1cf16bdbc976114482eb,DuplicateGroupID=150; GroupSize=2
FOIA_7a_FY2020_Present_asof_260630,125769,RATE_ZERO,InitialInterestRate,0.0,
FOIA_7a_FY2020_Present_asof_260630,126232,EXACT_DUPLICATE,,9553cf9f792021c5c8e2eb3a0f5c934cfa2c805dd1b501e353e4f0eeb0f64441,DuplicateGroupID=151; GroupSize=2
FOIA_7a_FY2020_Present_asof_260630,126253,RATE_ZERO,InitialInterestRate,0.0,
FOIA_7a_FY2020_Present_asof_260630,126296,EXACT_DUPLICATE,,9553cf9f792021c5c8e2eb3a0f5c934cfa2c805dd1b501e353e4f0eeb0f64441,DuplicateGroupID=151; GroupSize=2
FOIA_7a_FY2020_Present_asof_260630,126467,EXACT_DUPLICATE,,19d08da2f6cff2498e3429457aae980000eefe284ca6d2b13dbf17528fcedf8a,DuplicateGroupID=152; GroupSize=2
FOIA_7a_FY2020_Present_asof_260630,126544,EXACT_DUPLICATE,,19d08da2f6cff2498e3429457aae980000eefe284ca6d2b13dbf17528fcedf8a,DuplicateGroupID=152; GroupSize=2
FOIA_7a_FY2020_Present_asof_260630,126761,RATE_ZERO,InitialInterestRate,0.0,
FOIA_7a_FY2020_Present_asof_260630,126825,RATE_ZERO,InitialInterestRate,0.0,
FOIA_7a_FY2020_Present_asof_260630,126870,RATE_ZERO,InitialInterestRate,0.0,
FOIA_7a_FY2020_Present_asof_260630,126964,RATE_ZERO,InitialInterestRate,0.0,
FOIA_7a_FY2020_Present_asof_260630,126999,EXACT_DUPLICATE,,4d2462988b3021ec22799ebfc5844cbfbb469408eddf95c73be8978c14907145,DuplicateGroupID=153; GroupSize=2
FOIA_7a_FY2020_Present_asof_260630,127008,RATE_ZERO,InitialInterestRate,0.0,
FOIA_7a_FY2020_Present_asof_260630,127049,EXACT_DUPLICATE,,4d2462988b3021ec22799ebfc5844cbfbb469408eddf95c73be8978c14907145,DuplicateGroupID=153; GroupSize=2
FOIA_7a_FY2020_Present_asof_260630,127076,CHGOFF_MISSING_DATE,ChargeOffDate,,
FOIA_7a_FY2020_Present_asof_260630,127092,RATE_ZERO,InitialInterestRate,0.0,
FOIA_7a_FY2020_Present_asof_260630,127579,RATE_ZERO,InitialInterestRate,0.0,
FOIA_7a_FY2020_Present_asof_260630,128125,RATE_ZERO,InitialInterestRate,0.0,
FOIA_7a_FY2020_Present_asof_260630,128606,EXACT_DUPLICATE,,76ab479c145eddf02f12d50f989ee08f840eb465947ced005f30ace025ba877e,DuplicateGroupID=154; GroupSize=2
FOIA_7a_FY2020_Present_asof_260630,128608,EXACT_DUPLICATE,,76ab479c145eddf02f12d50f989ee08f840eb465947ced005f30ace025ba877e,DuplicateGroupID=154; GroupSize=2
FOIA_7a_FY2020_Present_asof_260630,129867,EXACT_DUPLICATE,,7f9eb69815b16af12a123c326e55ebf5a996def773a92e58aacec16a94b9a297,DuplicateGroupID=155; GroupSize=2
FOIA_7a_FY2020_Present_asof_260630,129996,EXACT_DUPLICATE,,7f9eb69815b16af12a123c326e55ebf5a996def773a92e58aacec16a94b9a297,DuplicateGroupID=155; GroupSize=2
FOIA_7a_FY2020_Present_asof_260630,130307,EXACT_DUPLICATE,,886a256606c3d161b9bb126957cd7fd4a2dc14e6884c380e8f2217ba21404a01,DuplicateGroupID=156; GroupSize=2
FOIA_7a_FY2020_Present_asof_260630,130321,EXACT_DUPLICATE,,3007571ee98a3ab7b31d746d48f05c031c778a3da042b42adb4fdf40ee5cf234,DuplicateGroupID=157; GroupSize=2
FOIA_7a_FY2020_Present_asof_260630,130420,EXACT_DUPLICATE,,3007571ee98a3ab7b31d746d48f05c031c778a3da042b42adb4fdf40ee5cf234,DuplicateGroupID=157; GroupSize=2
FOIA_7a_FY2020_Present_asof_260630,130503,EXACT_DUPLICATE,,886a256606c3d161b9bb126957cd7fd4a2dc14e6884c380e8f2217ba21404a01,DuplicateGroupID=156; GroupSize=2
FOIA_7a_FY2020_Present_asof_260630,130536,RATE_ZERO,InitialInterestRate,0.0,
FOIA_7a_FY2020_Present_asof_260630,133838,EXACT_DUPLICATE,,82432f9928463736302894cb72ed6ea7a7b335c7a81dc94e072ff3774d73b2f0,DuplicateGroupID=158; GroupSize=2
FOIA_7a_FY2020_Present_asof_260630,133875,EXACT_DUPLICATE,,82432f9928463736302894cb72ed6ea7a7b335c7a81dc94e072ff3774d73b2f0,DuplicateGroupID=158; GroupSize=2
FOIA_7a_FY2020_Present_asof_260630,135251,EXACT_DUPLICATE,,63d6f729fd7894eb463f62b96a24dc4b8198845042026989cf230b10f9e1dc18,DuplicateGroupID=159; GroupSize=2
FOIA_7a_FY2020_Present_asof_260630,135367,EXACT_DUPLICATE,,63d6f729fd7894eb463f62b96a24dc4b8198845042026989cf230b10f9e1dc18,DuplicateGroupID=159; GroupSize=2
FOIA_7a_FY2020_Present_asof_260630,136305,EXACT_DUPLICATE,,426f3a30374baa282f3de9cf8f1fd58403b3a29a4a212e628c02865b4f75cae1,DuplicateGroupID=160; GroupSize=2
FOIA_7a_FY2020_Present_asof_260630,136313,EXACT_DUPLICATE,,426f3a30374baa282f3de9cf8f1fd58403b3a29a4a212e628c02865b4f75cae1,DuplicateGroupID=160; GroupSize=2
FOIA_7a_FY2020_Present_asof_260630,136503,EXACT_DUPLICATE,,2973104ad6577e438130af480df0b62ec3d8ffb66999fbe6c420ff5cb30c3888,DuplicateGroupID=161; GroupSize=2
FOIA_7a_FY2020_Present_asof_260630,136521,EXACT_DUPLICATE,,2973104ad6577e438130af480df0b62ec3d8ffb66999fbe6c420ff5cb30c3888,DuplicateGroupID=161; GroupSize=2
FOIA_7a_FY2020_Present_asof_260630,137754,EXACT_DUPLICATE,,7f1f3525c1932d580e385e25245a5f62a8c04ac79aeb6cfc3bab623868826fab,DuplicateGroupID=162; GroupSize=2
FOIA_7a_FY2020_Present_asof_260630,137776,EXACT_DUPLICATE,,7f1f3525c1932d580e385e25245a5f62a8c04ac79aeb6cfc3bab623868826fab,DuplicateGroupID=162; GroupSize=2
FOIA_7a_FY2020_Present_asof_260630,137970,TERM_ZERO,TermInMonths,0.0,
FOIA_7a_FY2020_Present_asof_260630,140617,EXACT_DUPLICATE,,f00a2e14ef97a967ea9bdbd7aa23a923d00c2272b9aa5cc7374f688d3d1706e0,DuplicateGroupID=163; GroupSize=3
FOIA_7a_FY2020_Present_asof_260630,140630,CHARGEOFF_AFTER_ASOF,ChargeOffDate,2026-07-01,AsOfDate=2026-06-30
FOIA_7a_FY2020_Present_asof_260630,140719,EXACT_DUPLICATE,,f00a2e14ef97a967ea9bdbd7aa23a923d00c2272b9aa5cc7374f688d3d1706e0,DuplicateGroupID=163; GroupSize=3
FOIA_7a_FY2020_Present_asof_260630,140751,EXACT_DUPLICATE,,f00a2e14ef97a967ea9bdbd7aa23a923d00c2272b9aa5cc7374f688d3d1706e0,DuplicateGroupID=163; GroupSize=3
FOIA_7a_FY2020_Present_asof_260630,141191,EXACT_DUPLICATE,,4f01ec5600bc121f76d9c5bfe8e7419a35b7faf4f8b2bb668cd396f7bdb84688,DuplicateGroupID=164; GroupSize=2
FOIA_7a_FY2020_Present_asof_260630,141281,EXACT_DUPLICATE,,4f01ec5600bc121f76d9c5bfe8e7419a35b7faf4f8b2bb668cd396f7bdb84688,DuplicateGroupID=164; GroupSize=2
FOIA_7a_FY2020_Present_asof_260630,141615,EXACT_DUPLICATE,,882264f73a4731011d102f2edfd4b91b703e7d29ce39eb7e8a2424b850499ef8,DuplicateGroupID=165; GroupSize=2
FOIA_7a_FY2020_Present_asof_260630,141663,EXACT_DUPLICATE,,e13f9327d362ee9e5123b0d1856c7d2efba268049ae3555ef294e6eb5529f2dc,DuplicateGroupID=166; GroupSize=3
FOIA_7a_FY2020_Present_asof_260630,141683,EXACT_DUPLICATE,,e13f9327d362ee9e5123b0d1856c7d2efba268049ae3555ef294e6eb5529f2dc,DuplicateGroupID=166; GroupSize=3
FOIA_7a_FY2020_Present_asof_260630,141704,EXACT_DUPLICATE,,882264f73a4731011d102f2edfd4b91b703e7d29ce39eb7e8a2424b850499ef8,DuplicateGroupID=165; GroupSize=2
FOIA_7a_FY2020_Present_asof_260630,141720,EXACT_DUPLICATE,,7a3aa25a636bd36c2a4761c19a38ca38c562a45c0de3f73324a7f11f509aada0,DuplicateGroupID=167; GroupSize=2
FOIA_7a_FY2020_Present_asof_260630,141721,EXACT_DUPLICATE,,e13f9327d362ee9e5123b0d1856c7d2efba268049ae3555ef294e6eb5529f2dc,DuplicateGroupID=166; GroupSize=3
FOIA_7a_FY2020_Present_asof_260630,141760,EXACT_DUPLICATE,,7a3aa25a636bd36c2a4761c19a38ca38c562a45c0de3f73324a7f11f509aada0,DuplicateGroupID=167; GroupSize=2
FOIA_7a_FY2020_Present_asof_260630,142000,EXACT_DUPLICATE,,167035c2f9d208fc1d2f7f1475a4a561be18f89bf253028a77b699db663baf74,DuplicateGroupID=168; GroupSize=2
FOIA_7a_FY2020_Present_asof_260630,142001,EXACT_DUPLICATE,,167035c2f9d208fc1d2f7f1475a4a561be18f89bf253028a77b699db663baf74,DuplicateGroupID=168; GroupSize=2
FOIA_7a_FY2020_Present_asof_260630,144400,EXACT_DUPLICATE,,4702e13153ad8ef19c2bb58b598c7efc8e23970c79e4c8cfd29c987def04e6e3,DuplicateGroupID=169; GroupSize=2
FOIA_7a_FY2020_Present_asof_260630,144406,EXACT_DUPLICATE,,4702e13153ad8ef19c2bb58b598c7efc8e23970c79e4c8cfd29c987def04e6e3,DuplicateGroupID=169; GroupSize=2
FOIA_7a_FY2020_Present_asof_260630,144467,EXACT_DUPLICATE,,67bda83ac1077a71836f304dca84f76c5a199927b1b7fb206b04933daf44df0a,DuplicateGroupID=170; GroupSize=2
FOIA_7a_FY2020_Present_asof_260630,144513,EXACT_DUPLICATE,,67bda83ac1077a71836f304dca84f76c5a199927b1b7fb206b04933daf44df0a,DuplicateGroupID=170; GroupSize=2
FOIA_7a_FY2020_Present_asof_260630,145278,EXACT_DUPLICATE,,e08d612ec1d9289c0996e4989400d018fc587f4e03fa6c2de8e3c939f13d5e84,DuplicateGroupID=171; GroupSize=2
FOIA_7a_FY2020_Present_asof_260630,145374,EXACT_DUPLICATE,,e08d612ec1d9289c0996e4989400d018fc587f4e03fa6c2de8e3c939f13d5e84,DuplicateGroupID=171; GroupSize=2
FOIA_7a_FY2020_Present_asof_260630,146226,EXACT_DUPLICATE,,f01e2b85a9aed35a568dbb3f24adb2dfed3fa1cc01859c31bfe16ed8ea4fc917,DuplicateGroupID=172; GroupSize=2
FOIA_7a_FY2020_Present_asof_260630,146352,EXACT_DUPLICATE,,f01e2b85a9aed35a568dbb3f24adb2dfed3fa1cc01859c31bfe16ed8ea4fc917,DuplicateGroupID=172; GroupSize=2
FOIA_7a_FY2020_Present_asof_260630,148133,EXACT_DUPLICATE,,0f68c9df8d431e8c24e508b5fbbf2c6777177260cceab438747c2d25ba0bd859,DuplicateGroupID=173; GroupSize=2
FOIA_7a_FY2020_Present_asof_260630,148187,EXACT_DUPLICATE,,0f68c9df8d431e8c24e508b5fbbf2c6777177260cceab438747c2d25ba0bd859,DuplicateGroupID=173; GroupSize=2
FOIA_7a_FY2020_Present_asof_260630,148462,EXACT_DUPLICATE,,7193dea042e985239926688179314d44486fa74dc211ebe4a6385b8c3b6f4592,DuplicateGroupID=174; GroupSize=2
FOIA_7a_FY2020_Present_asof_260630,148506,EXACT_DUPLICATE,,bdfdb1eae469951561ace064bf59556a19ed4df01b4d8f8de76018cebeb880b2,DuplicateGroupID=175; GroupSize=2
FOIA_7a_FY2020_Present_asof_260630,148579,EXACT_DUPLICATE,,bdfdb1eae469951561ace064bf59556a19ed4df01b4d8f8de76018cebeb880b2,DuplicateGroupID=175; GroupSize=2
FOIA_7a_FY2020_Present_asof_260630,148585,EXACT_DUPLICATE,,7193dea042e985239926688179314d44486fa74dc211ebe4a6385b8c3b6f4592,DuplicateGroupID=174; GroupSize=2
FOIA_7a_FY2020_Present_asof_260630,150539,EXACT_DUPLICATE,,69b321b477327e12a7784a5dfd597a8dc7d2bb41cdeabfc709a1280cb026d380,DuplicateGroupID=176; GroupSize=2
FOIA_7a_FY2020_Present_asof_260630,150559,EXACT_DUPLICATE,,69b321b477327e12a7784a5dfd597a8dc7d2bb41cdeabfc709a1280cb026d380,DuplicateGroupID=176; GroupSize=2
FOIA_7a_FY2020_Present_asof_260630,155024,EXACT_DUPLICATE,,b9e90084a58f23162bd01b4dc3798a257be7fe4f27956c3e0cbb7d8fd039dcfb,DuplicateGroupID=177; GroupSize=2
FOIA_7a_FY2020_Present_asof_260630,155092,EXACT_DUPLICATE,,b9e90084a58f23162bd01b4dc3798a257be7fe4f27956c3e0cbb7d8fd039dcfb,DuplicateGroupID=177; GroupSize=2
FOIA_7a_FY2020_Present_asof_260630,156678,EXACT_DUPLICATE,,d058d0dab4d2e8bff975181e502c941e4544c7e1f2f271c3e3c32a4cbc4fb96c,DuplicateGroupID=178; GroupSize=2
FOIA_7a_FY2020_Present_asof_260630,156761,EXACT_DUPLICATE,,afe85520b2225901579ed9e573fcf542b9173e1a487b9f864a184c6162252554,DuplicateGroupID=179; GroupSize=2
FOIA_7a_FY2020_Present_asof_260630,156809,EXACT_DUPLICATE,,d058d0dab4d2e8bff975181e502c941e4544c7e1f2f271c3e3c32a4cbc4fb96c,DuplicateGroupID=178; GroupSize=2
FOIA_7a_FY2020_Present_asof_260630,156834,EXACT_DUPLICATE,,afe85520b2225901579ed9e573fcf542b9173e1a487b9f864a184c6162252554,DuplicateGroupID=179; GroupSize=2
FOIA_7a_FY2020_Present_asof_260630,157570,CHARGEOFF_AFTER_ASOF,ChargeOffDate,2026-07-01,AsOfDate=2026-06-30
FOIA_7a_FY2020_Present_asof_260630,160110,EXACT_DUPLICATE,,703e96e4e9fc08d654df13d2e0533223cebf652a0a47b8e873b50149d75becdb,DuplicateGroupID=180; GroupSize=2
FOIA_7a_FY2020_Present_asof_260630,160115,EXACT_DUPLICATE,,703e96e4e9fc08d654df13d2e0533223cebf652a0a47b8e873b50149d75becdb,DuplicateGroupID=180; GroupSize=2
FOIA_7a_FY2020_Present_asof_260630,161132,CHGOFF_MISSING_DATE,ChargeOffDate,,
FOIA_7a_FY2020_Present_asof_260630,162933,EXACT_DUPLICATE,,6d7fede7cc2ed0bfabe8861006de1e46c1122f7725ce36eb66a991ee1f3dd35f,DuplicateGroupID=181; GroupSize=2
FOIA_7a_FY2020_Present_asof_260630,162969,EXACT_DUPLICATE,,6d7fede7cc2ed0bfabe8861006de1e46c1122f7725ce36eb66a991ee1f3dd35f,DuplicateGroupID=181; GroupSize=2
FOIA_7a_FY2020_Present_asof_260630,163936,EXACT_DUPLICATE,,294685724801285f18b933dbd42a4ecf1d5d646ccb701b440160f39623d88173,DuplicateGroupID=182; GroupSize=2
FOIA_7a_FY2020_Present_asof_260630,163998,EXACT_DUPLICATE,,294685724801285f18b933dbd42a4ecf1d5d646ccb701b440160f39623d88173,DuplicateGroupID=182; GroupSize=2
FOIA_7a_FY2020_Present_asof_260630,164245,EXACT_DUPLICATE,,2b4c3fe8b2ef09b40b09e7a483fec5fd243f21ba1aa145de900c931eb650c20a,DuplicateGroupID=183; GroupSize=2
FOIA_7a_FY2020_Present_asof_260630,164295,EXACT_DUPLICATE,,2b4c3fe8b2ef09b40b09e7a483fec5fd243f21ba1aa145de900c931eb650c20a,DuplicateGroupID=183; GroupSize=2
FOIA_7a_FY2020_Present_asof_260630,164800,EXACT_DUPLICATE,,a9eaa2fd552149414923b7a99d75e5d527ac2f35c41acbed3449ef5a1dfd91a2,DuplicateGroupID=184; GroupSize=2
FOIA_7a_FY2020_Present_asof_260630,164811,EXACT_DUPLICATE,,a9eaa2fd552149414923b7a99d75e5d527ac2f35c41acbed3449ef5a1dfd91a2,DuplicateGroupID=184; GroupSize=2
FOIA_7a_FY2020_Present_asof_260630,165206,EXACT_DUPLICATE,,409644ee998f7dbe97756825d62baeeddff59148b4850c329e13322bf424df17,DuplicateGroupID=185; GroupSize=2
FOIA_7a_FY2020_Present_asof_260630,165238,EXACT_DUPLICATE,,409644ee998f7dbe97756825d62baeeddff59148b4850c329e13322bf424df17,DuplicateGroupID=185; GroupSize=2
FOIA_7a_FY2020_Present_asof_260630,172460,EXACT_DUPLICATE,,16431c75a5e209c06bdd67025cbbb0f9e14e1cf459ae68b0db0a8026b963fa6c,DuplicateGroupID=186; GroupSize=2
FOIA_7a_FY2020_Present_asof_260630,172493,EXACT_DUPLICATE,,16431c75a5e209c06bdd67025cbbb0f9e14e1cf459ae68b0db0a8026b963fa6c,DuplicateGroupID=186; GroupSize=2
FOIA_7a_FY2020_Present_asof_260630,174491,EXACT_DUPLICATE,,8009ae932bbe14c53a1f53d476cb282e43195a501ca9dff2215d19f512e227e4,DuplicateGroupID=187; GroupSize=4
FOIA_7a_FY2020_Present_asof_260630,174513,EXACT_DUPLICATE,,510b181c348cc68714b2f364773f75535df41f4b4c48619dc528f85cafd68724,DuplicateGroupID=188; GroupSize=2
FOIA_7a_FY2020_Present_asof_260630,174536,EXACT_DUPLICATE,,8009ae932bbe14c53a1f53d476cb282e43195a501ca9dff2215d19f512e227e4,DuplicateGroupID=187; GroupSize=4
FOIA_7a_FY2020_Present_asof_260630,174563,EXACT_DUPLICATE,,8009ae932bbe14c53a1f53d476cb282e43195a501ca9dff2215d19f512e227e4,DuplicateGroupID=187; GroupSize=4
FOIA_7a_FY2020_Present_asof_260630,174598,EXACT_DUPLICATE,,510b181c348cc68714b2f364773f75535df41f4b4c48619dc528f85cafd68724,DuplicateGroupID=188; GroupSize=2
FOIA_7a_FY2020_Present_asof_260630,174680,EXACT_DUPLICATE,,8009ae932bbe14c53a1f53d476cb282e43195a501ca9dff2215d19f512e227e4,DuplicateGroupID=187; GroupSize=4
FOIA_7a_FY2020_Present_asof_260630,176857,EXACT_DUPLICATE,,6f53cc6df0b40bb5e6c1726ba8f962793372a0d9a5b865225e1e24004d86e083,DuplicateGroupID=189; GroupSize=2
FOIA_7a_FY2020_Present_asof_260630,176951,EXACT_DUPLICATE,,6f53cc6df0b40bb5e6c1726ba8f962793372a0d9a5b865225e1e24004d86e083,DuplicateGroupID=189; GroupSize=2
FOIA_7a_FY2020_Present_asof_260630,176956,EXACT_DUPLICATE,,22f1024364a13a68a20df23265f6f2339457052ce9c35ca76f3dcf00fefd9dd9,DuplicateGroupID=190; GroupSize=2
FOIA_7a_FY2020_Present_asof_260630,177024,CHARGEOFF_AFTER_ASOF,ChargeOffDate,2026-07-01,AsOfDate=2026-06-30
FOIA_7a_FY2020_Present_asof_260630,177032,EXACT_DUPLICATE,,22f1024364a13a68a20df23265f6f2339457052ce9c35ca76f3dcf00fefd9dd9,DuplicateGroupID=190; GroupSize=2
FOIA_7a_FY2020_Present_asof_260630,178809,EXACT_DUPLICATE,,7b82da6cb2a431215d805094187d63321782682350bd6ae754dc877aea24a5af,DuplicateGroupID=191; GroupSize=2
FOIA_7a_FY2020_Present_asof_260630,178865,EXACT_DUPLICATE,,7b82da6cb2a431215d805094187d63321782682350bd6ae754dc877aea24a5af,DuplicateGroupID=191; GroupSize=2
FOIA_7a_FY2020_Present_asof_260630,184816,CHARGEOFF_AFTER_ASOF,ChargeOffDate,2026-07-01,AsOfDate=2026-06-30
FOIA_7a_FY2020_Present_asof_260630,186705,EXACT_DUPLICATE,,7bc345b507243dbc44c4974d1c400957e7f9b126811abaa6acbf6318c02c521b,DuplicateGroupID=192; GroupSize=2
FOIA_7a_FY2020_Present_asof_260630,186895,CHARGEOFF_AFTER_ASOF,ChargeOffDate,2026-07-01,AsOfDate=2026-06-30
FOIA_7a_FY2020_Present_asof_260630,186904,EXACT_DUPLICATE,,7bc345b507243dbc44c4974d1c400957e7f9b126811abaa6acbf6318c02c521b,DuplicateGroupID=192; GroupSize=2
FOIA_7a_FY2020_Present_asof_260630,186991,EXACT_DUPLICATE,,6c4a8773570e6b4afd856c33fc7d632ccb35426efc1f2b5085eefea3d227df24,DuplicateGroupID=193; GroupSize=2
FOIA_7a_FY2020_Present_asof_260630,186997,EXACT_DUPLICATE,,ee74d72198552c7bd3899692ce03b5eb3fd40e93a2e851c8fda8903e568881ff,DuplicateGroupID=194; GroupSize=2
FOIA_7a_FY2020_Present_asof_260630,187014,EXACT_DUPLICATE,,7ad9d4cb31df942b60b075218462b8d8ce720d0eb60ca5d3b661057f181a82d4,DuplicateGroupID=195; GroupSize=2
FOIA_7a_FY2020_Present_asof_260630,187209,EXACT_DUPLICATE,,ee74d72198552c7bd3899692ce03b5eb3fd40e93a2e851c8fda8903e568881ff,DuplicateGroupID=194; GroupSize=2
FOIA_7a_FY2020_Present_asof_260630,187216,EXACT_DUPLICATE,,7ad9d4cb31df942b60b075218462b8d8ce720d0eb60ca5d3b661057f181a82d4,DuplicateGroupID=195; GroupSize=2
FOIA_7a_FY2020_Present_asof_260630,187241,EXACT_DUPLICATE,,6c4a8773570e6b4afd856c33fc7d632ccb35426efc1f2b5085eefea3d227df24,DuplicateGroupID=193; GroupSize=2
FOIA_7a_FY2020_Present_asof_260630,188610,EXACT_DUPLICATE,,b005d4543d9cd51e9f0fe5bb6bfeb84cc0a74d3d7d12dc50828f8b4f7578d209,DuplicateGroupID=196; GroupSize=2
FOIA_7a_FY2020_Present_asof_260630,188667,EXACT_DUPLICATE,,b005d4543d9cd51e9f0fe5bb6bfeb84cc0a74d3d7d12dc50828f8b4f7578d209,DuplicateGroupID=196; GroupSize=2
FOIA_7a_FY2020_Present_asof_260630,190216,EXACT_DUPLICATE,,2c40ca052f37c13e0059efb8798f5ecd1706b14ed3575a22e2bea8041ebe96cd,DuplicateGroupID=197; GroupSize=2
FOIA_7a_FY2020_Present_asof_260630,190217,EXACT_DUPLICATE,,2c40ca052f37c13e0059efb8798f5ecd1706b14ed3575a22e2bea8041ebe96cd,DuplicateGroupID=197; GroupSize=2
FOIA_7a_FY2020_Present_asof_260630,192196,EXACT_DUPLICATE,,55344997024a19c7e1fe432a3185882f4337ac9df0b74d2e054dfe916ca6b091,DuplicateGroupID=198; GroupSize=2
FOIA_7a_FY2020_Present_asof_260630,192205,EXACT_DUPLICATE,,55344997024a19c7e1fe432a3185882f4337ac9df0b74d2e054dfe916ca6b091,DuplicateGroupID=198; GroupSize=2
FOIA_7a_FY2020_Present_asof_260630,194782,CHARGEOFF_AFTER_ASOF,ChargeOffDate,2026-07-01,AsOfDate=2026-06-30
FOIA_7a_FY2020_Present_asof_260630,196149,EXACT_DUPLICATE,,f4c8c8389618423aa321979e46dc94e7567e67fd02756aac92f5626686e93723,DuplicateGroupID=199; GroupSize=2
FOIA_7a_FY2020_Present_asof_260630,196196,EXACT_DUPLICATE,,f4c8c8389618423aa321979e46dc94e7567e67fd02756aac92f5626686e93723,DuplicateGroupID=199; GroupSize=2
FOIA_7a_FY2020_Present_asof_260630,196219,EXACT_DUPLICATE,,212331cd548dade2afaeb5804e4404c8a29bca3662d798a4919c637b60dc31ad,DuplicateGroupID=200; GroupSize=2
FOIA_7a_FY2020_Present_asof_260630,196226,EXACT_DUPLICATE,,212331cd548dade2afaeb5804e4404c8a29bca3662d798a4919c637b60dc31ad,DuplicateGroupID=200; GroupSize=2
FOIA_7a_FY2020_Present_asof_260630,196714,EXACT_DUPLICATE,,e1c65e5566dc79a2e01e2c6697e1f1f1f079735a201582d1ff9ec068f305e073,DuplicateGroupID=201; GroupSize=2
FOIA_7a_FY2020_Present_asof_260630,196779,EXACT_DUPLICATE,,89755653fcb249ba9e108c1ac64587c0b9978697b963606c49f097ce047c0be6,DuplicateGroupID=202; GroupSize=2
FOIA_7a_FY2020_Present_asof_260630,197163,EXACT_DUPLICATE,,89755653fcb249ba9e108c1ac64587c0b9978697b963606c49f097ce047c0be6,DuplicateGroupID=202; GroupSize=2
FOIA_7a_FY2020_Present_asof_260630,197220,EXACT_DUPLICATE,,e1c65e5566dc79a2e01e2c6697e1f1f1f079735a201582d1ff9ec068f305e073,DuplicateGroupID=201; GroupSize=2
FOIA_7a_FY2020_Present_asof_260630,197229,CHGOFF_MISSING_DATE,ChargeOffDate,,
FOIA_7a_FY2020_Present_asof_260630,198822,EXACT_DUPLICATE,,c0656e7ecae890dc14fa8a4e3eaf838e3fe8a63c270fdeecaf7d04964aef6115,DuplicateGroupID=203; GroupSize=2
FOIA_7a_FY2020_Present_asof_260630,199008,EXACT_DUPLICATE,,c0656e7ecae890dc14fa8a4e3eaf838e3fe8a63c270fdeecaf7d04964aef6115,DuplicateGroupID=203; GroupSize=2
FOIA_7a_FY2020_Present_asof_260630,200795,CHARGEOFF_AFTER_ASOF,ChargeOffDate,2026-07-01,AsOfDate=2026-06-30
FOIA_7a_FY2020_Present_asof_260630,200854,EXACT_DUPLICATE,,8b10f9c8ca2f6be787546582ea8332b17e693544d802e37c5714f41773feb52d,DuplicateGroupID=204; GroupSize=2
FOIA_7a_FY2020_Present_asof_260630,200883,EXACT_DUPLICATE,,8b10f9c8ca2f6be787546582ea8332b17e693544d802e37c5714f41773feb52d,DuplicateGroupID=204; GroupSize=2
FOIA_7a_FY2020_Present_asof_260630,201320,EXACT_DUPLICATE,,d9614b8bdb3c3e42d8a03c9177d68b9941d28bb660bac5bb2acb906d459eb8dd,DuplicateGroupID=205; GroupSize=2
FOIA_7a_FY2020_Present_asof_260630,201367,EXACT_DUPLICATE,,d9614b8bdb3c3e42d8a03c9177d68b9941d28bb660bac5bb2acb906d459eb8dd,DuplicateGroupID=205; GroupSize=2
FOIA_7a_FY2020_Present_asof_260630,202449,EXACT_DUPLICATE,,5de610d5b61c834ae52355808caf31202c7da955b46e1a621d58e729ab718df5,DuplicateGroupID=206; GroupSize=2
FOIA_7a_FY2020_Present_asof_260630,202460,EXACT_DUPLICATE,,5de610d5b61c834ae52355808caf31202c7da955b46e1a621d58e729ab718df5,DuplicateGroupID=206; GroupSize=2
FOIA_7a_FY2020_Present_asof_260630,203471,EXACT_DUPLICATE,,dd48a5448bb584b5699944b3c26115ef2bcaac0b7f74b98c9ec0b793e7c8f4a5,DuplicateGroupID=207; GroupSize=2
FOIA_7a_FY2020_Present_asof_260630,203600,EXACT_DUPLICATE,,dd48a5448bb584b5699944b3c26115ef2bcaac0b7f74b98c9ec0b793e7c8f4a5,DuplicateGroupID=207; GroupSize=2
FOIA_7a_FY2020_Present_asof_260630,205261,EXACT_DUPLICATE,,9f5c53900cab3ee1fcfb4dbfdb63c7dbf6556c7cf965e34bc038e52069720e69,DuplicateGroupID=208; GroupSize=2
FOIA_7a_FY2020_Present_asof_260630,205324,EXACT_DUPLICATE,,9f5c53900cab3ee1fcfb4dbfdb63c7dbf6556c7cf965e34bc038e52069720e69,DuplicateGroupID=208; GroupSize=2
FOIA_7a_FY2020_Present_asof_260630,207467,EXACT_DUPLICATE,,51d60c9b31c07aa0f90d3502b0b0247d7aefd316c91248457620f399f25de11d,DuplicateGroupID=209; GroupSize=2
FOIA_7a_FY2020_Present_asof_260630,207523,EXACT_DUPLICATE,,51d60c9b31c07aa0f90d3502b0b0247d7aefd316c91248457620f399f25de11d,DuplicateGroupID=209; GroupSize=2
FOIA_7a_FY2020_Present_asof_260630,209275,CHARGEOFF_AFTER_ASOF,ChargeOffDate,2026-07-01,AsOfDate=2026-06-30
FOIA_7a_FY2020_Present_asof_260630,209793,PIF_BEFORE_APPROVAL,PaidInFullDate,2023-11-30,ApprovalDate=2023-12-07
FOIA_7a_FY2020_Present_asof_260630,210501,EXACT_DUPLICATE,,12bee6db0f027a2d910af9f59e8dde5fb12236fe25c43a131b11d4a9b3e4bcd5,DuplicateGroupID=210; GroupSize=2
FOIA_7a_FY2020_Present_asof_260630,210524,EXACT_DUPLICATE,,12bee6db0f027a2d910af9f59e8dde5fb12236fe25c43a131b11d4a9b3e4bcd5,DuplicateGroupID=210; GroupSize=2
FOIA_7a_FY2020_Present_asof_260630,211984,PIF_BEFORE_APPROVAL,PaidInFullDate,2023-11-30,ApprovalDate=2023-12-19
FOIA_7a_FY2020_Present_asof_260630,221867,EXACT_DUPLICATE,,2fb8fdc51710c49b6aa523de7e3b9c478bb837fbf9399c6e0197e6b68dec5040,DuplicateGroupID=211; GroupSize=2
FOIA_7a_FY2020_Present_asof_260630,221946,EXACT_DUPLICATE,,2fb8fdc51710c49b6aa523de7e3b9c478bb837fbf9399c6e0197e6b68dec5040,DuplicateGroupID=211; GroupSize=2
FOIA_7a_FY2020_Present_asof_260630,222785,EXACT_DUPLICATE,,85504352c4aef3a5888f74f8afe2dab059f5309bc52fdecd0fd7ea72a42a1edf,DuplicateGroupID=212; GroupSize=2
FOIA_7a_FY2020_Present_asof_260630,222965,EXACT_DUPLICATE,,85504352c4aef3a5888f74f8afe2dab059f5309bc52fdecd0fd7ea72a42a1edf,DuplicateGroupID=212; GroupSize=2
FOIA_7a_FY2020_Present_asof_260630,226130,EXACT_DUPLICATE,,55e9cc886c273f3d23d19509a3bcc9925810d2060b35ce8935fd82f10c8be3e4,DuplicateGroupID=213; GroupSize=2
FOIA_7a_FY2020_Present_asof_260630,226153,EXACT_DUPLICATE,,55e9cc886c273f3d23d19509a3bcc9925810d2060b35ce8935fd82f10c8be3e4,DuplicateGroupID=213; GroupSize=2
FOIA_7a_FY2020_Present_asof_260630,226486,CHARGEOFF_AFTER_ASOF,ChargeOffDate,2026-07-01,AsOfDate=2026-06-30
FOIA_7a_FY2020_Present_asof_260630,228125,EXACT_DUPLICATE,,5d8d8c7b5c558c4ecf460b4a2d9438656dace54f1013150aaf271c9fcb336b61,DuplicateGroupID=214; GroupSize=2
FOIA_7a_FY2020_Present_asof_260630,228246,EXACT_DUPLICATE,,5d8d8c7b5c558c4ecf460b4a2d9438656dace54f1013150aaf271c9fcb336b61,DuplicateGroupID=214; GroupSize=2
FOIA_7a_FY2020_Present_asof_260630,229641,EXACT_DUPLICATE,,41fa9610cf89858eca4d69e38066f27a4f837bd9cdfe8bb442d2009c3ed1f598,DuplicateGroupID=215; GroupSize=2
FOIA_7a_FY2020_Present_asof_260630,229704,EXACT_DUPLICATE,,41fa9610cf89858eca4d69e38066f27a4f837bd9cdfe8bb442d2009c3ed1f598,DuplicateGroupID=215; GroupSize=2
FOIA_7a_FY2020_Present_asof_260630,230044,EXACT_DUPLICATE,,21aa8f1c58cdfb0bb11eda56796c164fb171aff754eddcce7e23420d4b906aa5,DuplicateGroupID=216; GroupSize=3
FOIA_7a_FY2020_Present_asof_260630,230214,EXACT_DUPLICATE,,21aa8f1c58cdfb0bb11eda56796c164fb171aff754eddcce7e23420d4b906aa5,DuplicateGroupID=216; GroupSize=3
FOIA_7a_FY2020_Present_asof_260630,230254,EXACT_DUPLICATE,,21aa8f1c58cdfb0bb11eda56796c164fb171aff754eddcce7e23420d4b906aa5,DuplicateGroupID=216; GroupSize=3
FOIA_7a_FY2020_Present_asof_260630,232012,EXACT_DUPLICATE,,e6b961f7745c2eccf62c7275b69504c68eb767f02007dad25a8c787adf25d0ce,DuplicateGroupID=217; GroupSize=2
FOIA_7a_FY2020_Present_asof_260630,232059,EXACT_DUPLICATE,,e6b961f7745c2eccf62c7275b69504c68eb767f02007dad25a8c787adf25d0ce,DuplicateGroupID=217; GroupSize=2
FOIA_7a_FY2020_Present_asof_260630,234200,EXACT_DUPLICATE,,87057971541b9c741a3aa8f2e00a469a96ee264786ea44cd8a6976761d1b443f,DuplicateGroupID=218; GroupSize=2
FOIA_7a_FY2020_Present_asof_260630,234280,EXACT_DUPLICATE,,87057971541b9c741a3aa8f2e00a469a96ee264786ea44cd8a6976761d1b443f,DuplicateGroupID=218; GroupSize=2
FOIA_7a_FY2020_Present_asof_260630,235081,CHARGEOFF_AFTER_ASOF,ChargeOffDate,2026-07-01,AsOfDate=2026-06-30
FOIA_7a_FY2020_Present_asof_260630,240255,EXACT_DUPLICATE,,e721e3e29394ec0c38d842b3e017fea430b0d288cfda6b5f965b43ca615dddaa,DuplicateGroupID=219; GroupSize=3
FOIA_7a_FY2020_Present_asof_260630,240355,EXACT_DUPLICATE,,e721e3e29394ec0c38d842b3e017fea430b0d288cfda6b5f965b43ca615dddaa,DuplicateGroupID=219; GroupSize=3
FOIA_7a_FY2020_Present_asof_260630,240432,EXACT_DUPLICATE,,e721e3e29394ec0c38d842b3e017fea430b0d288cfda6b5f965b43ca615dddaa,DuplicateGroupID=219; GroupSize=3
FOIA_7a_FY2020_Present_asof_260630,248758,EXACT_DUPLICATE,,12c8abdfdda917a81b6f3c6f14cea46aacf9e8c2592efde526d0000e523c0c06,DuplicateGroupID=220; GroupSize=2
FOIA_7a_FY2020_Present_asof_260630,248848,EXACT_DUPLICATE,,12c8abdfdda917a81b6f3c6f14cea46aacf9e8c2592efde526d0000e523c0c06,DuplicateGroupID=220; GroupSize=2
FOIA_7a_FY2020_Present_asof_260630,251644,CHARGEOFF_AFTER_ASOF,ChargeOffDate,2026-07-01,AsOfDate=2026-06-30
FOIA_7a_FY2020_Present_asof_260630,254300,EXACT_DUPLICATE,,3ffc2e0e261fc10da7a1a562044074576ba2de557e288eb08ae1b0d0bcd1a76a,DuplicateGroupID=221; GroupSize=2
FOIA_7a_FY2020_Present_asof_260630,254376,EXACT_DUPLICATE,,3ffc2e0e261fc10da7a1a562044074576ba2de557e288eb08ae1b0d0bcd1a76a,DuplicateGroupID=221; GroupSize=2
FOIA_7a_FY2020_Present_asof_260630,255486,CHARGEOFF_AFTER_ASOF,ChargeOffDate,2026-07-01,AsOfDate=2026-06-30
FOIA_7a_FY2020_Present_asof_260630,256616,EXACT_DUPLICATE,,53aeee6449a8e1b34d8fa6ee0172072aca2733a51ef71ec541b1356a63323c09,DuplicateGroupID=222; GroupSize=4
FOIA_7a_FY2020_Present_asof_260630,256697,EXACT_DUPLICATE,,53aeee6449a8e1b34d8fa6ee0172072aca2733a51ef71ec541b1356a63323c09,DuplicateGroupID=222; GroupSize=4
FOIA_7a_FY2020_Present_asof_260630,256701,EXACT_DUPLICATE,,53aeee6449a8e1b34d8fa6ee0172072aca2733a51ef71ec541b1356a63323c09,DuplicateGroupID=222; GroupSize=4
FOIA_7a_FY2020_Present_asof_260630,256781,EXACT_DUPLICATE,,53aeee6449a8e1b34d8fa6ee0172072aca2733a51ef71ec541b1356a63323c09,DuplicateGroupID=222; GroupSize=4
FOIA_7a_FY2020_Present_asof_260630,257078,EXACT_DUPLICATE,,dc36024b3fe0588cae07be806b491eb650a95f042f93b6034c8ae2ae1ef3207d,DuplicateGroupID=223; GroupSize=3
FOIA_7a_FY2020_Present_asof_260630,257082,EXACT_DUPLICATE,,dc36024b3fe0588cae07be806b491eb650a95f042f93b6034c8ae2ae1ef3207d,DuplicateGroupID=223; GroupSize=3
FOIA_7a_FY2020_Present_asof_260630,257117,EXACT_DUPLICATE,,dc36024b3fe0588cae07be806b491eb650a95f042f93b6034c8ae2ae1ef3207d,DuplicateGroupID=223; GroupSize=3
FOIA_7a_FY2020_Present_asof_260630,258553,EXACT_DUPLICATE,,96ccb64afdcf0e9f3ef035eef7637b908c9096beaa67403ec6b36c33c22c6def,DuplicateGroupID=224; GroupSize=2
FOIA_7a_FY2020_Present_asof_260630,258839,EXACT_DUPLICATE,,96ccb64afdcf0e9f3ef035eef7637b908c9096beaa67403ec6b36c33c22c6def,DuplicateGroupID=224; GroupSize=2
FOIA_7a_FY2020_Present_asof_260630,259517,EXACT_DUPLICATE,,b0d4fe0d9657450b4abb3268806cb66fda09ebdbfd0074e8fd860602d3d7420b,DuplicateGroupID=225; GroupSize=3
FOIA_7a_FY2020_Present_asof_260630,259520,EXACT_DUPLICATE,,b0d4fe0d9657450b4abb3268806cb66fda09ebdbfd0074e8fd860602d3d7420b,DuplicateGroupID=225; GroupSize=3
FOIA_7a_FY2020_Present_asof_260630,259563,EXACT_DUPLICATE,,b0d4fe0d9657450b4abb3268806cb66fda09ebdbfd0074e8fd860602d3d7420b,DuplicateGroupID=225; GroupSize=3
FOIA_7a_FY2020_Present_asof_260630,260784,EXACT_DUPLICATE,,80b85bf3b336af0de1ddccf1870692e854fad92a464ec183d1f64a368edd2598,DuplicateGroupID=226; GroupSize=2
FOIA_7a_FY2020_Present_asof_260630,261113,EXACT_DUPLICATE,,80b85bf3b336af0de1ddccf1870692e854fad92a464ec183d1f64a368edd2598,DuplicateGroupID=226; GroupSize=2
FOIA_7a_FY2020_Present_asof_260630,264030,CHARGEOFF_AFTER_ASOF,ChargeOffDate,2026-07-01,AsOfDate=2026-06-30
FOIA_7a_FY2020_Present_asof_260630,264190,EXACT_DUPLICATE,,69584bfe2437c7aec7b450553aa78b7618e4b9facdc5d2d13cd3391bd5ecdba5,DuplicateGroupID=227; GroupSize=2
FOIA_7a_FY2020_Present_asof_260630,264234,EXACT_DUPLICATE,,673f07072f9f33e8377f2d348bfdc240552a76af7429773982cde05434cb26b5,DuplicateGroupID=228; GroupSize=2
FOIA_7a_FY2020_Present_asof_260630,264238,EXACT_DUPLICATE,,69584bfe2437c7aec7b450553aa78b7618e4b9facdc5d2d13cd3391bd5ecdba5,DuplicateGroupID=227; GroupSize=2
FOIA_7a_FY2020_Present_asof_260630,264312,EXACT_DUPLICATE,,cb22c579eb9f6b9953415131644585fe9f1664687442f5b463c5b88dad4b9f34,DuplicateGroupID=229; GroupSize=2
FOIA_7a_FY2020_Present_asof_260630,264381,EXACT_DUPLICATE,,673f07072f9f33e8377f2d348bfdc240552a76af7429773982cde05434cb26b5,DuplicateGroupID=228; GroupSize=2
FOIA_7a_FY2020_Present_asof_260630,264476,EXACT_DUPLICATE,,cb22c579eb9f6b9953415131644585fe9f1664687442f5b463c5b88dad4b9f34,DuplicateGroupID=229; GroupSize=2
FOIA_7a_FY2020_Present_asof_260630,265712,EXACT_DUPLICATE,,cfdb4a6a500a51b007f41f8d8be5d9757cca0147b7cb16b96da77a3b247a62bc,DuplicateGroupID=230; GroupSize=2
FOIA_7a_FY2020_Present_asof_260630,265962,EXACT_DUPLICATE,,cfdb4a6a500a51b007f41f8d8be5d9757cca0147b7cb16b96da77a3b247a62bc,DuplicateGroupID=230; GroupSize=2
FOIA_7a_FY2020_Present_asof_260630,272697,CHARGEOFF_AFTER_ASOF,ChargeOffDate,2026-07-01,AsOfDate=2026-06-30
FOIA_7a_FY2020_Present_asof_260630,275311,EXACT_DUPLICATE,,71cb45d4bcc8e98a19cc326aecd099950d95bc81c2eaa6ae70681f3bcf6ddf67,DuplicateGroupID=231; GroupSize=2
FOIA_7a_FY2020_Present_asof_260630,275711,EXACT_DUPLICATE,,71cb45d4bcc8e98a19cc326aecd099950d95bc81c2eaa6ae70681f3bcf6ddf67,DuplicateGroupID=231; GroupSize=2
FOIA_7a_FY2020_Present_asof_260630,276969,EXACT_DUPLICATE,,7fb9fbd0a209cdd382483c1583be6d9b22fac0b5daca2f95661c74380309c20b,DuplicateGroupID=232; GroupSize=2
FOIA_7a_FY2020_Present_asof_260630,277159,EXACT_DUPLICATE,,7fb9fbd0a209cdd382483c1583be6d9b22fac0b5daca2f95661c74380309c20b,DuplicateGroupID=232; GroupSize=2
FOIA_7a_FY2020_Present_asof_260630,278975,EXACT_DUPLICATE,,c9796ed6e8eea79a6170f8905e9f87280bc423a25cd52482fc596f38566515b4,DuplicateGroupID=233; GroupSize=2
FOIA_7a_FY2020_Present_asof_260630,279117,EXACT_DUPLICATE,,c9796ed6e8eea79a6170f8905e9f87280bc423a25cd52482fc596f38566515b4,DuplicateGroupID=233; GroupSize=2
FOIA_7a_FY2020_Present_asof_260630,285750,EXACT_DUPLICATE,,300252f3d6d180237b9656dc6944b9a8913ee939ff276e79a35a3f1a0fa8ebf6,DuplicateGroupID=234; GroupSize=2
FOIA_7a_FY2020_Present_asof_260630,285818,EXACT_DUPLICATE,,300252f3d6d180237b9656dc6944b9a8913ee939ff276e79a35a3f1a0fa8ebf6,DuplicateGroupID=234; GroupSize=2
FOIA_7a_FY2020_Present_asof_260630,286024,CHARGEOFF_AFTER_ASOF,ChargeOffDate,2026-07-01,AsOfDate=2026-06-30
FOIA_7a_FY2020_Present_asof_260630,286252,EXACT_DUPLICATE,,ab21f159936fd7dfb821b314ac061433cab3cca43e58ce92843ba1528047dcc5,DuplicateGroupID=235; GroupSize=3
FOIA_7a_FY2020_Present_asof_260630,286290,EXACT_DUPLICATE,,ab21f159936fd7dfb821b314ac061433cab3cca43e58ce92843ba1528047dcc5,DuplicateGroupID=235; GroupSize=3
FOIA_7a_FY2020_Present_asof_260630,286294,EXACT_DUPLICATE,,ab21f159936fd7dfb821b314ac061433cab3cca43e58ce92843ba1528047dcc5,DuplicateGroupID=235; GroupSize=3
FOIA_7a_FY2020_Present_asof_260630,287579,EXACT_DUPLICATE,,c226c57a844146df9d2064ab010ea320a1b104bd41e6d3b7910fa963144989ef,DuplicateGroupID=236; GroupSize=2
FOIA_7a_FY2020_Present_asof_260630,287601,EXACT_DUPLICATE,,c226c57a844146df9d2064ab010ea320a1b104bd41e6d3b7910fa963144989ef,DuplicateGroupID=236; GroupSize=2
FOIA_7a_FY2020_Present_asof_260630,290508,EXACT_DUPLICATE,,58cbd32de5d71f664ef0e7713282cb9fcf0e8fcef781f1d130d9d108b19ba1a8,DuplicateGroupID=237; GroupSize=2
FOIA_7a_FY2020_Present_asof_260630,290513,EXACT_DUPLICATE,,58cbd32de5d71f664ef0e7713282cb9fcf0e8fcef781f1d130d9d108b19ba1a8,DuplicateGroupID=237; GroupSize=2
FOIA_7a_FY2020_Present_asof_260630,292705,EXACT_DUPLICATE,,ecbb461ed85d2382540711e48d9901599e86872f4f15fdd92a0a73dacea72d6b,DuplicateGroupID=238; GroupSize=2
FOIA_7a_FY2020_Present_asof_260630,292868,EXACT_DUPLICATE,,ecbb461ed85d2382540711e48d9901599e86872f4f15fdd92a0a73dacea72d6b,DuplicateGroupID=238; GroupSize=2
FOIA_7a_FY2020_Present_asof_260630,295194,EXACT_DUPLICATE,,2fef1629ac76bf0c7081d22463b1d0793a3096db480395275f1b1fd8c1c71e23,DuplicateGroupID=239; GroupSize=2
FOIA_7a_FY2020_Present_asof_260630,295427,EXACT_DUPLICATE,,2fef1629ac76bf0c7081d22463b1d0793a3096db480395275f1b1fd8c1c71e23,DuplicateGroupID=239; GroupSize=2
FOIA_7a_FY2020_Present_asof_260630,297778,EXACT_DUPLICATE,,184b6e009560bf460e87d4d072643cc7bc9f2b13c4e879e5fc2e20da8677b1a3,DuplicateGroupID=240; GroupSize=3
FOIA_7a_FY2020_Present_asof_260630,297916,EXACT_DUPLICATE,,184b6e009560bf460e87d4d072643cc7bc9f2b13c4e879e5fc2e20da8677b1a3,DuplicateGroupID=240; GroupSize=3
FOIA_7a_FY2020_Present_asof_260630,298010,EXACT_DUPLICATE,,184b6e009560bf460e87d4d072643cc7bc9f2b13c4e879e5fc2e20da8677b1a3,DuplicateGroupID=240; GroupSize=3
FOIA_7a_FY2020_Present_asof_260630,299611,EXACT_DUPLICATE,,5b290be40b7b6d3ddd67f409fcb3a44439fe281eceeb6b7e8d8954ef1c485b5b,DuplicateGroupID=241; GroupSize=2
FOIA_7a_FY2020_Present_asof_260630,299727,EXACT_DUPLICATE,,5b290be40b7b6d3ddd67f409fcb3a44439fe281eceeb6b7e8d8954ef1c485b5b,DuplicateGroupID=241; GroupSize=2
FOIA_7a_FY2020_Present_asof_260630,301800,EXACT_DUPLICATE,,a9c276b082f9d189dfe59b715da4b3525dcf5acfb2fd09f19a40aefd6b20ec9a,DuplicateGroupID=242; GroupSize=2
FOIA_7a_FY2020_Present_asof_260630,301919,EXACT_DUPLICATE,,a9c276b082f9d189dfe59b715da4b3525dcf5acfb2fd09f19a40aefd6b20ec9a,DuplicateGroupID=242; GroupSize=2
FOIA_7a_FY2020_Present_asof_260630,305926,EXACT_DUPLICATE,,e71bb17b7fed2c5a8cdea6e13ba2e929cf86194f06faab95b470f465a2472e28,DuplicateGroupID=243; GroupSize=4
FOIA_7a_FY2020_Present_asof_260630,305930,EXACT_DUPLICATE,,e71bb17b7fed2c5a8cdea6e13ba2e929cf86194f06faab95b470f465a2472e28,DuplicateGroupID=243; GroupSize=4
FOIA_7a_FY2020_Present_asof_260630,305983,EXACT_DUPLICATE,,e71bb17b7fed2c5a8cdea6e13ba2e929cf86194f06faab95b470f465a2472e28,DuplicateGroupID=243; GroupSize=4
FOIA_7a_FY2020_Present_asof_260630,306140,EXACT_DUPLICATE,,e71bb17b7fed2c5a8cdea6e13ba2e929cf86194f06faab95b470f465a2472e28,DuplicateGroupID=243; GroupSize=4
FOIA_7a_FY2020_Present_asof_260630,308203,EXACT_DUPLICATE,,1f350b97b5b7ff26bcde15ffef30cef9f20bafc5546f0cb30574e75f9df019fb,DuplicateGroupID=244; GroupSize=2
FOIA_7a_FY2020_Present_asof_260630,308411,EXACT_DUPLICATE,,1f350b97b5b7ff26bcde15ffef30cef9f20bafc5546f0cb30574e75f9df019fb,DuplicateGroupID=244; GroupSize=2
FOIA_7a_FY2020_Present_asof_260630,309048,EXACT_DUPLICATE,,ba0749fa92b1fe7acba7b819dd168c484069d122c67040f0d014a358196184bd,DuplicateGroupID=245; GroupSize=2
FOIA_7a_FY2020_Present_asof_260630,309087,EXACT_DUPLICATE,,ba0749fa92b1fe7acba7b819dd168c484069d122c67040f0d014a358196184bd,DuplicateGroupID=245; GroupSize=2
FOIA_7a_FY2020_Present_asof_260630,309315,EXACT_DUPLICATE,,0e0c6a197966fb04de640be0e8e4618b44d9ec8ff7a0ae96506f0073b4dbd4a4,DuplicateGroupID=246; GroupSize=2
FOIA_7a_FY2020_Present_asof_260630,309431,EXACT_DUPLICATE,,0e0c6a197966fb04de640be0e8e4618b44d9ec8ff7a0ae96506f0073b4dbd4a4,DuplicateGroupID=246; GroupSize=2
FOIA_7a_FY2020_Present_asof_260630,310137,EXACT_DUPLICATE,,10c9822d06572bfb6a430c392fe8d7756bcce3afa5971f0de6de490cfc8e335e,DuplicateGroupID=247; GroupSize=2
FOIA_7a_FY2020_Present_asof_260630,310186,EXACT_DUPLICATE,,69b4871f644ca4e3d8a4f144f40e0bce0aa5f277a890ce36b2c67bf5a190216d,DuplicateGroupID=248; GroupSize=2
FOIA_7a_FY2020_Present_asof_260630,310210,EXACT_DUPLICATE,,10c9822d06572bfb6a430c392fe8d7756bcce3afa5971f0de6de490cfc8e335e,DuplicateGroupID=247; GroupSize=2
FOIA_7a_FY2020_Present_asof_260630,310526,EXACT_DUPLICATE,,69b4871f644ca4e3d8a4f144f40e0bce0aa5f277a890ce36b2c67bf5a190216d,DuplicateGroupID=248; GroupSize=2
FOIA_7a_FY2020_Present_asof_260630,313427,EXACT_DUPLICATE,,6a59d9a14c48c4a5a92aa4ba06359cc48e523b3eb5d6e512d686681506a00055,DuplicateGroupID=249; GroupSize=3
FOIA_7a_FY2020_Present_asof_260630,313484,EXACT_DUPLICATE,,6a59d9a14c48c4a5a92aa4ba06359cc48e523b3eb5d6e512d686681506a00055,DuplicateGroupID=249; GroupSize=3
FOIA_7a_FY2020_Present_asof_260630,313488,EXACT_DUPLICATE,,6a59d9a14c48c4a5a92aa4ba06359cc48e523b3eb5d6e512d686681506a00055,DuplicateGroupID=249; GroupSize=3
FOIA_7a_FY2020_Present_asof_260630,313926,EXACT_DUPLICATE,,4fe2e50a59df36575ed770f8c17c004c2fdc3030fb393823d4367e8e1e2e37f5,DuplicateGroupID=250; GroupSize=2
FOIA_7a_FY2020_Present_asof_260630,313943,EXACT_DUPLICATE,,4fe2e50a59df36575ed770f8c17c004c2fdc3030fb393823d4367e8e1e2e37f5,DuplicateGroupID=250; GroupSize=2
FOIA_7a_FY2020_Present_asof_260630,314052,EXACT_DUPLICATE,,232e7f9af436beb991aa243a5fa6abc02d0245c06be315927672d403dcca58c0,DuplicateGroupID=251; GroupSize=2
FOIA_7a_FY2020_Present_asof_260630,314205,EXACT_DUPLICATE,,232e7f9af436beb991aa243a5fa6abc02d0245c06be315927672d403dcca58c0,DuplicateGroupID=251; GroupSize=2
FOIA_7a_FY2020_Present_asof_260630,319649,EXACT_DUPLICATE,,81eee4bac2052828074350ba9aa9389d70480935c9483896ebd7d6c32dfb9915,DuplicateGroupID=252; GroupSize=2
FOIA_7a_FY2020_Present_asof_260630,319704,EXACT_DUPLICATE,,81eee4bac2052828074350ba9aa9389d70480935c9483896ebd7d6c32dfb9915,DuplicateGroupID=252; GroupSize=2
FOIA_7a_FY2020_Present_asof_260630,320189,EXACT_DUPLICATE,,879466d1e72f78509582b9bf03d76487aebfe0188e77be3a4983e1b0503c73ff,DuplicateGroupID=253; GroupSize=2
FOIA_7a_FY2020_Present_asof_260630,320220,EXACT_DUPLICATE,,879466d1e72f78509582b9bf03d76487aebfe0188e77be3a4983e1b0503c73ff,DuplicateGroupID=253; GroupSize=2
FOIA_7a_FY2020_Present_asof_260630,320420,EXACT_DUPLICATE,,58f4cbb583835b16fdf365a2bc595b8204855995578bbc347112d8f2646b2bd4,DuplicateGroupID=254; GroupSize=2
FOIA_7a_FY2020_Present_asof_260630,320511,EXACT_DUPLICATE,,58f4cbb583835b16fdf365a2bc595b8204855995578bbc347112d8f2646b2bd4,DuplicateGroupID=254; GroupSize=2
FOIA_7a_FY2020_Present_asof_260630,320575,EXACT_DUPLICATE,,567a7605d707b5ddca2e093a8edad5520583aa499b2bea172d4ae9206c6948e1,DuplicateGroupID=255; GroupSize=2
FOIA_7a_FY2020_Present_asof_260630,320654,EXACT_DUPLICATE,,567a7605d707b5ddca2e093a8edad5520583aa499b2bea172d4ae9206c6948e1,DuplicateGroupID=255; GroupSize=2
FOIA_7a_FY2020_Present_asof_260630,321631,EXACT_DUPLICATE,,ce9b612b8d1fe90b4832a3a98f0ce731d2bf7266c73804a93c48fd8d68efc5be,DuplicateGroupID=256; GroupSize=2
FOIA_7a_FY2020_Present_asof_260630,321707,EXACT_DUPLICATE,,ce9b612b8d1fe90b4832a3a98f0ce731d2bf7266c73804a93c48fd8d68efc5be,DuplicateGroupID=256; GroupSize=2
FOIA_7a_FY2020_Present_asof_260630,322753,EXACT_DUPLICATE,,7869d4518dac3648f4ee3484731875f8e245c0adbcca9ab58b2e34090a0cf4ff,DuplicateGroupID=257; GroupSize=2
FOIA_7a_FY2020_Present_asof_260630,322757,EXACT_DUPLICATE,,7470cb06a77358386edabfcf4f4be5eb317c259e88a579c6dd418a329f3a10b2,DuplicateGroupID=258; GroupSize=2
FOIA_7a_FY2020_Present_asof_260630,322907,EXACT_DUPLICATE,,7869d4518dac3648f4ee3484731875f8e245c0adbcca9ab58b2e34090a0cf4ff,DuplicateGroupID=257; GroupSize=2
FOIA_7a_FY2020_Present_asof_260630,322908,EXACT_DUPLICATE,,7470cb06a77358386edabfcf4f4be5eb317c259e88a579c6dd418a329f3a10b2,DuplicateGroupID=258; GroupSize=2
FOIA_7a_FY2020_Present_asof_260630,326028,EXACT_DUPLICATE,,8980d6c0285e58d5a74b3c88d78ffaacae32d62d0b0442326c82752e13f79c98,DuplicateGroupID=259; GroupSize=2
FOIA_7a_FY2020_Present_asof_260630,326051,EXACT_DUPLICATE,,8980d6c0285e58d5a74b3c88d78ffaacae32d62d0b0442326c82752e13f79c98,DuplicateGroupID=259; GroupSize=2
FOIA_7a_FY2020_Present_asof_260630,326273,EXACT_DUPLICATE,,7046542f0df3a9bb8be6a23177fa5081e4dfa5af80795e985e75ba1dfc0baf81,DuplicateGroupID=260; GroupSize=2
FOIA_7a_FY2020_Present_asof_260630,326707,EXACT_DUPLICATE,,7046542f0df3a9bb8be6a23177fa5081e4dfa5af80795e985e75ba1dfc0baf81,DuplicateGroupID=260; GroupSize=2
FOIA_7a_FY2020_Present_asof_260630,327557,EXACT_DUPLICATE,,f7605a9f8ac8805eedbdd23d3b6567564b28398d51bd0a7b1168495e7eb24cad,DuplicateGroupID=261; GroupSize=2
FOIA_7a_FY2020_Present_asof_260630,327558,EXACT_DUPLICATE,,f7605a9f8ac8805eedbdd23d3b6567564b28398d51bd0a7b1168495e7eb24cad,DuplicateGroupID=261; GroupSize=2
FOIA_7a_FY2020_Present_asof_260630,329957,EXACT_DUPLICATE,,9a4b468118d6c0ae0df6625bbeecbf33edbf84f32e097acd2ab03c33bc2b5bb1,DuplicateGroupID=262; GroupSize=2
FOIA_7a_FY2020_Present_asof_260630,330023,EXACT_DUPLICATE,,9a4b468118d6c0ae0df6625bbeecbf33edbf84f32e097acd2ab03c33bc2b5bb1,DuplicateGroupID=262; GroupSize=2
FOIA_7a_FY2020_Present_asof_260630,331090,EXACT_DUPLICATE,,46403c92add79285ff39d7d9fbd2ffa5bef84371aa7fa6be0ceae19ef08fe49d,DuplicateGroupID=263; GroupSize=2
FOIA_7a_FY2020_Present_asof_260630,331136,EXACT_DUPLICATE,,46403c92add79285ff39d7d9fbd2ffa5bef84371aa7fa6be0ceae19ef08fe49d,DuplicateGroupID=263; GroupSize=2
FOIA_7a_FY2020_Present_asof_260630,331370,EXACT_DUPLICATE,,6965b8632d92f77cd4b1466503e5374e1780d3be5f647d49e1bd58f02ef3072a,DuplicateGroupID=264; GroupSize=2
FOIA_7a_FY2020_Present_asof_260630,331455,EXACT_DUPLICATE,,858edc303a2bc4bf97380dd5752e8f819e9bae20ebb64fc7f1b6a92f02ce3117,DuplicateGroupID=265; GroupSize=2
FOIA_7a_FY2020_Present_asof_260630,331467,EXACT_DUPLICATE,,858edc303a2bc4bf97380dd5752e8f819e9bae20ebb64fc7f1b6a92f02ce3117,DuplicateGroupID=265; GroupSize=2
FOIA_7a_FY2020_Present_asof_260630,331504,EXACT_DUPLICATE,,6965b8632d92f77cd4b1466503e5374e1780d3be5f647d49e1bd58f02ef3072a,DuplicateGroupID=264; GroupSize=2
FOIA_7a_FY2020_Present_asof_260630,333470,EXACT_DUPLICATE,,9bf525473822c5e244e6dfb312a4993a4020a51d327edf00c096536c7a140b2e,DuplicateGroupID=266; GroupSize=2
FOIA_7a_FY2020_Present_asof_260630,333526,EXACT_DUPLICATE,,9bf525473822c5e244e6dfb312a4993a4020a51d327edf00c096536c7a140b2e,DuplicateGroupID=266; GroupSize=2
FOIA_7a_FY2020_Present_asof_260630,335397,EXACT_DUPLICATE,,86ed501f29be7bb5185392c3bc70cdd20486888047a5d9d6c4af0f3433260184,DuplicateGroupID=267; GroupSize=2
FOIA_7a_FY2020_Present_asof_260630,335471,EXACT_DUPLICATE,,86ed501f29be7bb5185392c3bc70cdd20486888047a5d9d6c4af0f3433260184,DuplicateGroupID=267; GroupSize=2
FOIA_7a_FY2020_Present_asof_260630,336269,EXACT_DUPLICATE,,e79230c7fb416356bf94f6cac6fd3ba3a5621222d334921f7f1e2032e824f5f9,DuplicateGroupID=268; GroupSize=2
FOIA_7a_FY2020_Present_asof_260630,336341,EXACT_DUPLICATE,,e79230c7fb416356bf94f6cac6fd3ba3a5621222d334921f7f1e2032e824f5f9,DuplicateGroupID=268; GroupSize=2
FOIA_7a_FY2020_Present_asof_260630,336824,EXACT_DUPLICATE,,cdecd36a2f1b3998906fa592aa4387816acb03e63acbc8c6726953dc7dbd9140,DuplicateGroupID=269; GroupSize=2
FOIA_7a_FY2020_Present_asof_260630,337007,EXACT_DUPLICATE,,cdecd36a2f1b3998906fa592aa4387816acb03e63acbc8c6726953dc7dbd9140,DuplicateGroupID=269; GroupSize=2
FOIA_7a_FY2020_Present_asof_260630,338900,EXACT_DUPLICATE,,ed32e11d2479d8fe5ad28457e400c686a01d5ddf8488e4c0d60b0ba39865f577,DuplicateGroupID=270; GroupSize=2
FOIA_7a_FY2020_Present_asof_260630,338915,EXACT_DUPLICATE,,d7dbca42f9ab13f038bbd11c06bd4bd58fc2c8588452fe1be65773fb83acc519,DuplicateGroupID=271; GroupSize=2
FOIA_7a_FY2020_Present_asof_260630,338986,EXACT_DUPLICATE,,d7dbca42f9ab13f038bbd11c06bd4bd58fc2c8588452fe1be65773fb83acc519,DuplicateGroupID=271; GroupSize=2
FOIA_7a_FY2020_Present_asof_260630,339029,EXACT_DUPLICATE,,ed32e11d2479d8fe5ad28457e400c686a01d5ddf8488e4c0d60b0ba39865f577,DuplicateGroupID=270; GroupSize=2
FOIA_7a_FY2020_Present_asof_260630,342249,EXACT_DUPLICATE,,3c466274a3467635b47963f62e0e278a2082a206258fd58af467e5edaab3bf05,DuplicateGroupID=272; GroupSize=2
FOIA_7a_FY2020_Present_asof_260630,342275,EXACT_DUPLICATE,,3c466274a3467635b47963f62e0e278a2082a206258fd58af467e5edaab3bf05,DuplicateGroupID=272; GroupSize=2
FOIA_7a_FY2020_Present_asof_260630,342735,EXACT_DUPLICATE,,3c8017063eb0ef36c3125ac8c2b77b4e8646a4e13441f668e1419a48a572c123,DuplicateGroupID=273; GroupSize=2
FOIA_7a_FY2020_Present_asof_260630,342831,EXACT_DUPLICATE,,3c8017063eb0ef36c3125ac8c2b77b4e8646a4e13441f668e1419a48a572c123,DuplicateGroupID=273; GroupSize=2
FOIA_7a_FY2020_Present_asof_260630,344000,EXACT_DUPLICATE,,02549faebf7355ae228abf00a71480b71b9eb18766e61409fa55993752c10edc,DuplicateGroupID=274; GroupSize=2
FOIA_7a_FY2020_Present_asof_260630,344186,EXACT_DUPLICATE,,02549faebf7355ae228abf00a71480b71b9eb18766e61409fa55993752c10edc,DuplicateGroupID=274; GroupSize=2
FOIA_7a_FY2020_Present_asof_260630,346153,EXACT_DUPLICATE,,d9a252d80f73c0b9ee4f879bd889ba2df8a9066beab3097ac01990720d8fffb6,DuplicateGroupID=275; GroupSize=3
FOIA_7a_FY2020_Present_asof_260630,346225,EXACT_DUPLICATE,,d9a252d80f73c0b9ee4f879bd889ba2df8a9066beab3097ac01990720d8fffb6,DuplicateGroupID=275; GroupSize=3
FOIA_7a_FY2020_Present_asof_260630,346570,EXACT_DUPLICATE,,d9a252d80f73c0b9ee4f879bd889ba2df8a9066beab3097ac01990720d8fffb6,DuplicateGroupID=275; GroupSize=3
FOIA_7a_FY2020_Present_asof_260630,346696,RATE_ZERO,InitialInterestRate,0.0,
FOIA_7a_FY2020_Present_asof_260630,346886,EXACT_DUPLICATE,,12e1098e7f64425e91507e4ad0ed2287896540a16534a73abca30ff59a789f82,DuplicateGroupID=276; GroupSize=2
FOIA_7a_FY2020_Present_asof_260630,347288,EXACT_DUPLICATE,,12e1098e7f64425e91507e4ad0ed2287896540a16534a73abca30ff59a789f82,DuplicateGroupID=276; GroupSize=2
FOIA_7a_FY2020_Present_asof_260630,347379,EXACT_DUPLICATE,,3292b84b7f5f136647894109112d915bf75dc797eccbe9192e26c0a0a541fbdc,DuplicateGroupID=277; GroupSize=2
FOIA_7a_FY2020_Present_asof_260630,347449,EXACT_DUPLICATE,,3292b84b7f5f136647894109112d915bf75dc797eccbe9192e26c0a0a541fbdc,DuplicateGroupID=277; GroupSize=2
FOIA_7a_FY2020_Present_asof_260630,347890,EXACT_DUPLICATE,,46721fee44f4349daf4b2fddd46156bc3c9c7631570df63fd093b96775ae18a8,DuplicateGroupID=278; GroupSize=2
FOIA_7a_FY2020_Present_asof_260630,347892,EXACT_DUPLICATE,,46721fee44f4349daf4b2fddd46156bc3c9c7631570df63fd093b96775ae18a8,DuplicateGroupID=278; GroupSize=2
FOIA_7a_FY2020_Present_asof_260630,360404,EXACT_DUPLICATE,,38f6c2595743694abece558974956c1a929b56d5853e24a8c86e3987a85fea94,DuplicateGroupID=279; GroupSize=2
FOIA_7a_FY2020_Present_asof_260630,360433,EXACT_DUPLICATE,,38f6c2595743694abece558974956c1a929b56d5853e24a8c86e3987a85fea94,DuplicateGroupID=279; GroupSize=2
FOIA_7a_FY2020_Present_asof_260630,361552,EXACT_DUPLICATE,,be931a51f58f2f4c50dc201824ba963e46f76db85737b3f51fcc4e78bbd46bf4,DuplicateGroupID=280; GroupSize=2
FOIA_7a_FY2020_Present_asof_260630,361675,EXACT_DUPLICATE,,be931a51f58f2f4c50dc201824ba963e46f76db85737b3f51fcc4e78bbd46bf4,DuplicateGroupID=280; GroupSize=2
FOIA_7a_FY2020_Present_asof_260630,362117,EXACT_DUPLICATE,,95730791e3e6f5b27a6b133c368e2d9864359058e2821b62a227669f9fff2c05,DuplicateGroupID=281; GroupSize=2
FOIA_7a_FY2020_Present_asof_260630,362261,EXACT_DUPLICATE,,654e21b40e2e22f0f1c1b4004c6ac5f67d6ba61ac459f641129f0e6568654ec6,DuplicateGroupID=282; GroupSize=2
FOIA_7a_FY2020_Present_asof_260630,362299,EXACT_DUPLICATE,,654e21b40e2e22f0f1c1b4004c6ac5f67d6ba61ac459f641129f0e6568654ec6,DuplicateGroupID=282; GroupSize=2
FOIA_7a_FY2020_Present_asof_260630,362342,EXACT_DUPLICATE,,95730791e3e6f5b27a6b133c368e2d9864359058e2821b62a227669f9fff2c05,DuplicateGroupID=281; GroupSize=2
FOIA_7a_FY2020_Present_asof_260630,362675,EXACT_DUPLICATE,,f58e79f6b646025638b29ec9f3298c7f7a44cd7df5b108da167e68d9b9bb7667,DuplicateGroupID=283; GroupSize=2
FOIA_7a_FY2020_Present_asof_260630,362693,EXACT_DUPLICATE,,f58e79f6b646025638b29ec9f3298c7f7a44cd7df5b108da167e68d9b9bb7667,DuplicateGroupID=283; GroupSize=2
FOIA_7a_FY2020_Present_asof_260630,363979,EXACT_DUPLICATE,,7b23b6ec5648e22a20ced8a255807b46d317957a524f8143f2aa408042f9ca47,DuplicateGroupID=284; GroupSize=6
FOIA_7a_FY2020_Present_asof_260630,363981,EXACT_DUPLICATE,,7b23b6ec5648e22a20ced8a255807b46d317957a524f8143f2aa408042f9ca47,DuplicateGroupID=284; GroupSize=6
FOIA_7a_FY2020_Present_asof_260630,363991,EXACT_DUPLICATE,,7b23b6ec5648e22a20ced8a255807b46d317957a524f8143f2aa408042f9ca47,DuplicateGroupID=284; GroupSize=6
FOIA_7a_FY2020_Present_asof_260630,364023,EXACT_DUPLICATE,,7b23b6ec5648e22a20ced8a255807b46d317957a524f8143f2aa408042f9ca47,DuplicateGroupID=284; GroupSize=6
FOIA_7a_FY2020_Present_asof_260630,364288,EXACT_DUPLICATE,,7b23b6ec5648e22a20ced8a255807b46d317957a524f8143f2aa408042f9ca47,DuplicateGroupID=284; GroupSize=6
FOIA_7a_FY2020_Present_asof_260630,364361,EXACT_DUPLICATE,,7b23b6ec5648e22a20ced8a255807b46d317957a524f8143f2aa408042f9ca47,DuplicateGroupID=284; GroupSize=6
FOIA_7a_FY2020_Present_asof_260630,366112,EXACT_DUPLICATE,,e84990da7c2ae967b025433298d9bd4f055c2c2de1c5f11e9ae191bff0e9662b,DuplicateGroupID=285; GroupSize=2
FOIA_7a_FY2020_Present_asof_260630,366354,EXACT_DUPLICATE,,e84990da7c2ae967b025433298d9bd4f055c2c2de1c5f11e9ae191bff0e9662b,DuplicateGroupID=285; GroupSize=2
FOIA_7a_FY2020_Present_asof_260630,367099,EXACT_DUPLICATE,,f8b81e510177f0670f1c3928b5017228f815bef6bf90ec1dc727b7bbece04502,DuplicateGroupID=286; GroupSize=2
FOIA_7a_FY2020_Present_asof_260630,367195,EXACT_DUPLICATE,,f8b81e510177f0670f1c3928b5017228f815bef6bf90ec1dc727b7bbece04502,DuplicateGroupID=286; GroupSize=2
FOIA_7a_FY2020_Present_asof_260630,369974,EXACT_DUPLICATE,,a1c5e0641ac107b45a0bf2360ff4cf97adec75345649b4ba798267db8df9e68f,DuplicateGroupID=287; GroupSize=2
FOIA_7a_FY2020_Present_asof_260630,369978,EXACT_DUPLICATE,,a1c5e0641ac107b45a0bf2360ff4cf97adec75345649b4ba798267db8df9e68f,DuplicateGroupID=287; GroupSize=2
FOIA_7a_FY2020_Present_asof_260630,371873,EXACT_DUPLICATE,,6781a60f691b345cfa728301dc58e73600997a6296185aa438ee7811f39b06e5,DuplicateGroupID=288; GroupSize=2
FOIA_7a_FY2020_Present_asof_260630,371887,EXACT_DUPLICATE,,0111768d246955cd045014c268b11f221af55034f600f88ed67cee8c121f7c97,DuplicateGroupID=289; GroupSize=2
FOIA_7a_FY2020_Present_asof_260630,371910,EXACT_DUPLICATE,,6781a60f691b345cfa728301dc58e73600997a6296185aa438ee7811f39b06e5,DuplicateGroupID=288; GroupSize=2
FOIA_7a_FY2020_Present_asof_260630,371962,EXACT_DUPLICATE,,0111768d246955cd045014c268b11f221af55034f600f88ed67cee8c121f7c97,DuplicateGroupID=289; GroupSize=2
FOIA_7a_FY2020_Present_asof_260630,372623,EXACT_DUPLICATE,,b69e27b82323668ad66d55fe6c70134b3673be1bc689ef6e404629b368bb4cec,DuplicateGroupID=290; GroupSize=2
FOIA_7a_FY2020_Present_asof_260630,372734,EXACT_DUPLICATE,,b69e27b82323668ad66d55fe6c70134b3673be1bc689ef6e404629b368bb4cec,DuplicateGroupID=290; GroupSize=2
FOIA_7a_FY2020_Present_asof_260630,375347,EXACT_DUPLICATE,,e23c30bc13c5bc3fe518172775f38fb3265708ccca26546b7467fd0c498e773d,DuplicateGroupID=291; GroupSize=2
FOIA_7a_FY2020_Present_asof_260630,375350,EXACT_DUPLICATE,,e23c30bc13c5bc3fe518172775f38fb3265708ccca26546b7467fd0c498e773d,DuplicateGroupID=291; GroupSize=2
FOIA_7a_FY2020_Present_asof_260630,378148,EXACT_DUPLICATE,,26369f0fda4456b4560051fd8e8f5d4dc739d5014b1f3a5798fd88f3d02b7cd1,DuplicateGroupID=292; GroupSize=2
FOIA_7a_FY2020_Present_asof_260630,378172,EXACT_DUPLICATE,,26369f0fda4456b4560051fd8e8f5d4dc739d5014b1f3a5798fd88f3d02b7cd1,DuplicateGroupID=292; GroupSize=2
FOIA_7a_FY2020_Present_asof_260630,378708,EXACT_DUPLICATE,,60cea7d569a36bd907065aef43eb8e0d6875f74d174e4e178003ca9790c9fe1f,DuplicateGroupID=293; GroupSize=2
FOIA_7a_FY2020_Present_asof_260630,378809,EXACT_DUPLICATE,,60cea7d569a36bd907065aef43eb8e0d6875f74d174e4e178003ca9790c9fe1f,DuplicateGroupID=293; GroupSize=2
FOIA_7a_FY2020_Present_asof_260630,382694,EXACT_DUPLICATE,,b74c5095af79b7932deb8d82f9df93134d2125aada091b5194364751feea24a1,DuplicateGroupID=294; GroupSize=2
FOIA_7a_FY2020_Present_asof_260630,382695,EXACT_DUPLICATE,,b74c5095af79b7932deb8d82f9df93134d2125aada091b5194364751feea24a1,DuplicateGroupID=294; GroupSize=2
FOIA_7a_FY2020_Present_asof_260630,385877,EXACT_DUPLICATE,,bf7b04d1deb3b3aa60fc27056d80198348fb26029b5abd7af47f7afb26142605,DuplicateGroupID=295; GroupSize=2
FOIA_7a_FY2020_Present_asof_260630,385972,EXACT_DUPLICATE,,bf7b04d1deb3b3aa60fc27056d80198348fb26029b5abd7af47f7afb26142605,DuplicateGroupID=295; GroupSize=2
FOIA_7a_FY2020_Present_asof_260630,386114,EXACT_DUPLICATE,,7e3b6c81770d6409e6a4ba67ca5bd855c7e3e89351468fdb40df88ca1116f190,DuplicateGroupID=296; GroupSize=2
FOIA_7a_FY2020_Present_asof_260630,386311,EXACT_DUPLICATE,,7e3b6c81770d6409e6a4ba67ca5bd855c7e3e89351468fdb40df88ca1116f190,DuplicateGroupID=296; GroupSize=2
