location_name,iso3,year,gdp_per_capita_usd,population,gdp_total_usd
Afghanistan,AFG,2013.0,637.09,31622704.0,20146508491.36
Afghanistan,AFG,2014.0,625.05,32792523.0,20496966501.149998
Afghanistan,AFG,2015.0,565.57,33831764.0,19134230765.480003
Afghanistan,AFG,2016.0,522.08,34700612.0,18116495512.960003
Afghanistan,AFG,2017.0,491.34,35688935.0,17535401322.899998
Afghanistan,AFG,2018.0,491.34,36743039.0,18053324782.26
Afghanistan,AFG,2019.0,496.6,37856121.0,18799349688.600002
Afghanistan,AFG,2020.0,510.79,39068979.0,19956043783.41
Afghanistan,AFG,2021.0,356.5,40000412.0,14260146878.0
Afghanistan,AFG,2022.0,357.26,40578842.0,14497197092.92
Afghanistan,AFG,2023.0,413.76,41454761.0,17152321911.359999
Albania,ALB,2013.0,4542.93,2816902.0,12796988602.86
Albania,ALB,2014.0,4793.6,2773767.0,13296329491.2
Albania,ALB,2015.0,4199.54,2731293.0,11470174205.22
Albania,ALB,2016.0,4457.63,2689469.0,11988657698.470001
Albania,ALB,2017.0,5006.36,2648285.0,13258268092.599998
Albania,ALB,2018.0,5897.65,2607733.0,15379496527.449999
Albania,ALB,2019.0,6069.44,2567801.0,15585114101.439999
Albania,ALB,2020.0,6027.91,2528480.0,15241449876.8
Albania,ALB,2021.0,7242.46,2489762.0,18032001694.52
Albania,ALB,2022.0,7756.96,2451636.0,19017242386.56
Albania,ALB,2023.0,9740.7,2411658.0,23491237080.600002
Algeria,DZA,2013.0,5979.6,38414171.0,229701376911.6
Algeria,DZA,2014.0,6094.69,39205031.0,238942510385.38998
Algeria,DZA,2015.0,4685.06,40019529.0,187493894536.74002
Algeria,DZA,2016.0,4424.99,40850721.0,180764031917.78998
Algeria,DZA,2017.0,4554.67,41689299.0,189880999476.33002
Algeria,DZA,2018.0,4577.21,42505035.0,194554471252.35
Algeria,DZA,2019.0,4468.45,43294546.0,193459514073.69998
Algeria,DZA,2020.0,3743.54,44042091.0,164873329342.13998
Algeria,DZA,2021.0,4160.56,44761099.0,186231238055.44003
Algeria,DZA,2022.0,4960.3,45477389.0,225581492656.7
Algeria,DZA,2023.0,5370.48,46164219.0,247924014855.11996
American Samoa,ASM,2013.0,11813.5,54006.0,637999881.0
American Samoa,ASM,2014.0,12026.33,53466.0,642999759.78
American Samoa,ASM,2015.0,12727.41,52878.0,672999985.98
American Samoa,ASM,2016.0,12843.33,52245.0,670999775.85
American Samoa,ASM,2017.0,11863.68,51586.0,611999796.48
American Samoa,ASM,2018.0,12552.05,50908.0,638999761.4
American Samoa,ASM,2019.0,12886.14,50209.0,647000203.26
American Samoa,ASM,2020.0,14489.26,49761.0,721000066.86
American Samoa,ASM,2021.0,15236.16,49225.0,749999976.0
American Samoa,ASM,2022.0,18017.46,48342.0,871000051.3199999
American Samoa,ASM,2023.0,,47521.0,
Andorra,AND,2013.0,42470.32,75194.0,3193513242.08
Andorra,AND,2014.0,44369.66,73737.0,3271685619.42
Andorra,AND,2015.0,38654.93,72174.0,2789880917.82
Andorra,AND,2016.0,40129.82,72181.0,2896610537.42
Andorra,AND,2017.0,40672.99,73763.0,3000161761.37
Andorra,AND,2018.0,42819.77,75162.0,3218419552.74
Andorra,AND,2019.0,41257.8,76474.0,3155148997.2000003
Andorra,AND,2020.0,37361.09,77380.0,2891001144.2
Andorra,AND,2021.0,42425.7,78364.0,3324647554.7999997
Andorra,AND,2022.0,42414.06,79705.0,3380612652.2999997
Andorra,AND,2023.0,46812.45,80856.0,3785067457.2
Angola,AGO,2013.0,5688.58,26165620.0,148845222619.6
Angola,AGO,2014.0,5649.69,27160769.0,153449925011.61
Angola,AGO,2015.0,3641.73,28157798.0,102543097710.54
Angola,AGO,2016.0,2082.37,29183070.0,60769949475.899994
Angola,AGO,2017.0,2832.15,30234839.0,85629599273.85
Angola,AGO,2018.0,2891.83,31297155.0,90506051743.65
Angola,AGO,2019.0,2507.87,32375632.0,81193876223.84
Angola,AGO,2020.0,1749.18,33451132.0,58512051071.76
Angola,AGO,2021.0,2266.97,34532429.0,78283980570.12999
Angola,AGO,2022.0,3598.54,35635029.0,128234077257.66
Angola,AGO,2023.0,2885.51,36749906.0,106042221262.06001
Antigua and Barbuda,ATG,2013.0,15051.51,88064.0,1325496176.64
Antigua and Barbuda,ATG,2014.0,15532.11,88765.0,1378707744.15
Antigua and Barbuda,ATG,2015.0,16077.63,89409.0,1437484820.6699998
Antigua and Barbuda,ATG,2016.0,16556.86,89969.0,1489604137.3400002
Antigua and Barbuda,ATG,2017.0,18273.43,90468.0,1653160665.24
Antigua and Barbuda,ATG,2018.0,18273.43,90926.0,1661529896.18
Antigua and Barbuda,ATG,2019.0,18896.37,91364.0,1726447948.6799998
Antigua and Barbuda,ATG,2020.0,15369.61,91846.0,1411637200.06
Antigua and Barbuda,ATG,2021.0,17348.6,92349.0,1602125861.3999999
Antigua and Barbuda,ATG,2022.0,20003.39,92840.0,1857114727.6
Antigua and Barbuda,ATG,2023.0,22012.26,93316.0,2054096054.1599998
Argentina,ARG,2013.0,12963.68,42582455.0,552025320234.4
Argentina,ARG,2014.0,12233.14,43024071.0,526319483912.94
Argentina,ARG,2015.0,13679.63,43477012.0,594749437665.5599
Argentina,ARG,2016.0,12699.96,43900313.0,557532219087.48
Argentina,ARG,2017.0,14532.5,44288894.0,643628352055.0
Argentina,ARG,2018.0,11752.8,44654882.0,524819897169.6
Argentina,ARG,2019.0,9955.97,44973465.0,447754468336.05
Argentina,ARG,2020.0,8535.6,45191965.0,385740536454.0
Argentina,ARG,2021.0,10738.02,45312281.0,486564179623.62
Argentina,ARG,2022.0,13962.19,45407904.0,633993783149.76
Argentina,ARG,2023.0,14261.85,45538401.0,649461844301.85
Armenia,ARM,2013.0,3680.17,3022000.0,11121473740.0
Armenia,ARM,2014.0,3852.12,3013800.0,11609519256.0
Armenia,ARM,2015.0,3512.39,3004600.0,10553326994.0
Armenia,ARM,2016.0,3524.42,2992300.0,10546121966.0
Armenia,ARM,2017.0,3869.05,2979400.0,11527447570.0
Armenia,ARM,2018.0,4196.01,2969000.0,12457953690.0
Armenia,ARM,2019.0,4597.23,2962500.0,13619293874.999998
Armenia,ARM,2020.0,4268.68,2961500.0,12641695820.0
Armenia,ARM,2021.0,4685.18,2962300.0,13878908714.0
Armenia,ARM,2022.0,6571.97,2969200.0,19513493324.0
Armenia,ARM,2023.0,8159.09,2964300.0,24185990487.0
Australia,AUS,2013.0,68476.68,23128129.0,1583737488531.7197
Australia,AUS,2014.0,62817.21,23475686.0,1474677097356.06
Australia,AUS,2015.0,56970.36,23815995.0,1356805808908.2
Australia,AUS,2016.0,50084.44,24190907.0,1211588030187.08
Australia,AUS,2017.0,54117.55,24592588.0,1330890610719.4001
Australia,AUS,2018.0,57410.17,24963258.0,1433144885533.8599
Australia,AUS,2019.0,55194.76,25334826.0,1398349640711.76
Australia,AUS,2020.0,51983.45,25649248.0,1333336400945.5999
Australia,AUS,2021.0,60758.9,25685412.0,1560617379166.8
Australia,AUS,2022.0,65169.52,26018721.0,1695627558583.92
Australia,AUS,2023.0,65058.38,26659922.0,1734451336246.3599
Austria,AUT,2013.0,50305.35,8479823.0,426580463953.05
Austria,AUT,2014.0,51314.97,8546356.0,438556001749.32
Austria,AUT,2015.0,43915.23,8642699.0,379546114405.77
Austria,AUT,2016.0,45061.5,8736668.0,393687365082.0
Austria,AUT,2017.0,47163.74,8797566.0,414926115456.83997
Austria,AUT,2018.0,51194.07,8840521.0,452582250910.47
Austria,AUT,2019.0,49885.99,8879920.0,442983600320.8
Austria,AUT,2020.0,48716.41,8916864.0,434397602538.24005
Austria,AUT,2021.0,53648.64,8955797.0,480466329166.08
Austria,AUT,2022.0,52336.77,9041851.0,473221276161.26996
Austria,AUT,2023.0,56579.5,9131761.0,516670471499.5
Azerbaijan,AZE,2013.0,7875.35,9416801.0,74160603755.35
Azerbaijan,AZE,2014.0,7890.84,9535079.0,75239782776.36
Azerbaijan,AZE,2015.0,5500.5,9649341.0,53076200170.5
Azerbaijan,AZE,2016.0,3880.69,9757812.0,37867043450.28
Azerbaijan,AZE,2017.0,4147.2,9854033.0,40866645657.6
Azerbaijan,AZE,2018.0,4739.79,9939771.0,47112427188.09
Azerbaijan,AZE,2019.0,4805.75,10024283.0,48174198027.25
Azerbaijan,AZE,2020.0,4229.91,10093121.0,42692993449.11
Azerbaijan,AZE,2021.0,5408.05,10137750.0,54825458887.5
Azerbaijan,AZE,2022.0,7770.59,10141756.0,78807427756.04001
Azerbaijan,AZE,2023.0,7133.03,10153958.0,72428487032.73999
Bahamas,BHS,2013.0,27642.74,378953.0,10475299251.220001
Bahamas,BHS,2014.0,29137.22,382298.0,11139100931.560001
Bahamas,BHS,2015.0,30719.41,385346.0,11837601765.86
Bahamas,BHS,2016.0,30616.54,388055.0,11880901429.7
Bahamas,BHS,2017.0,31875.49,390485.0,12446900712.650002
Bahamas,BHS,2018.0,32642.34,392717.0,12819201837.78
Bahamas,BHS,2019.0,33640.34,394675.0,13277001189.499998
Bahamas,BHS,2020.0,26178.75,395863.0,10363198511.25
Bahamas,BHS,2021.0,30367.86,396373.0,12036999771.78
Bahamas,BHS,2022.0,34957.16,397538.0,13896799472.080002
Bahamas,BHS,2023.0,38231.77,399440.0,15271298208.8
Bahrain,BHR,2013.0,26989.76,1253191.0,33823324324.16
Bahrain,BHR,2014.0,26451.8,1314562.0,34772531111.6
Bahrain,BHR,2015.0,23734.06,1370322.0,32523304567.320004
Bahrain,BHR,2016.0,23800.0,1423726.0,33884678800.0
Bahrain,BHR,2017.0,24784.77,1501116.0,37204814803.32
Bahrain,BHR,2018.0,26324.41,1503091.0,39567983751.31
Bahrain,BHR,2019.0,27259.74,1483756.0,40446802783.44
Bahrain,BHR,2020.0,24342.84,1472204.0,35837626419.36
Bahrain,BHR,2021.0,27147.81,1504365.0,40840215190.65
Bahrain,BHR,2022.0,30470.52,1524693.0,46458188550.36
Bahrain,BHR,2023.0,29290.13,1577059.0,46192263127.67
Bangladesh,BGD,2013.0,958.26,156532141.0,149998489434.66
Bangladesh,BGD,2014.0,1094.46,157964929.0,172886296193.34
Bangladesh,BGD,2015.0,1224.39,159383179.0,195147170535.81003
Bangladesh,BGD,2016.0,1649.28,160811932.0,265223903208.96
Bangladesh,BGD,2017.0,1811.08,162186147.0,293732087108.76
Bangladesh,BGD,2018.0,1965.24,163523103.0,321362142939.72003
Bangladesh,BGD,2019.0,2129.8,164913055.0,351231824539.0
Bangladesh,BGD,2020.0,2248.85,166298024.0,373979311272.39996
Bangladesh,BGD,2021.0,2482.85,167658854.0,416271785653.89996
Bangladesh,BGD,2022.0,2716.49,169384897.0,460132378851.52997
Bangladesh,BGD,2023.0,2551.02,171466990.0,437415720829.8
Barbados,BRB,2013.0,20384.49,277665.0,5660059415.85
Barbados,BRB,2014.0,20423.72,278348.0,5684901614.56
Barbados,BRB,2015.0,20429.47,278990.0,5699617835.3
Barbados,BRB,2016.0,20311.41,279598.0,5679029613.18
Barbados,BRB,2017.0,20870.76,280171.0,5847381699.959999
Barbados,BRB,2018.0,21378.22,280711.0,6001101514.42
Barbados,BRB,2019.0,21929.44,281207.0,6166712034.08
Barbados,BRB,2020.0,19180.99,281698.0,5403246521.02
Barbados,BRB,2021.0,21084.4,282147.0,5948900206.8
Barbados,BRB,2022.0,24393.22,282318.0,6886645083.96
Barbados,BRB,2023.0,25583.87,282336.0,7223247520.32
Belarus,BLR,2013.0,7998.08,9443211.0,75527557034.88
Belarus,BLR,2014.0,8341.32,9448515.0,78813087139.8
Belarus,BLR,2015.0,5967.06,9461076.0,56454808156.560005
Belarus,BLR,2016.0,5039.78,9469379.0,47723586896.619995
Belarus,BLR,2017.0,5785.54,9458989.0,54725359219.06
Belarus,BLR,2018.0,6360.04,9438785.0,60031050151.4
Belarus,BLR,2019.0,6837.77,9419758.0,64410138659.66
Belarus,BLR,2020.0,6542.86,9379952.0,61371712742.71999
Belarus,BLR,2021.0,7489.72,9302585.0,69673756926.2
Belarus,BLR,2022.0,7994.65,9228071.0,73775197820.15
Belarus,BLR,2023.0,7896.75,9178298.0,72478724731.5
Belgium,BEL,2013.0,46964.59,11159407.0,524096974398.12994
Belgium,BEL,2014.0,47995.78,11209057.0,537987433779.45996
Belgium,BEL,2015.0,40893.8,11274196.0,461044716384.80005
Belgium,BEL,2016.0,41854.55,11331422.0,474271568670.10004
Belgium,BEL,2017.0,44035.32,11375158.0,500908722580.56
Belgium,BEL,2018.0,47487.21,11427054.0,542638912979.33997
Belgium,BEL,2019.0,46716.62,11488980.0,536726312847.60004
Belgium,BEL,2020.0,45906.29,11538604.0,529694501419.16003
Belgium,BEL,2021.0,51658.24,11586195.0,598522441996.7999
Belgium,BEL,2022.0,50639.03,11680210.0,591474504596.2999
Belgium,BEL,2023.0,55244.68,11779946.0,650779347187.28
Belize,BLZ,2013.0,5957.35,341627.0,2035191608.45
Belize,BLZ,2014.0,6128.12,348923.0,2138242014.76
Belize,BLZ,2015.0,6154.62,356333.0,2193094208.46
Belize,BLZ,2016.0,6140.87,364705.0,2239605993.35
Belize,BLZ,2017.0,6071.85,373202.0,2266026563.7000003
Belize,BLZ,2018.0,6011.99,380226.0,2285914909.74
Belize,BLZ,2019.0,6171.61,385829.0,2381186114.69
Belize,BLZ,2020.0,5238.54,390812.0,2047284294.48
Belize,BLZ,2021.0,6142.99,395346.0,2428606524.54
Belize,BLZ,2022.0,7068.22,402733.0,2846605445.26
Belize,BLZ,2023.0,7424.76,411106.0,3052363384.56
Benin,BEN,2013.0,1168.93,10708834.0,12517877327.62
Benin,BEN,2014.0,1204.4,11030004.0,13284536817.6
Benin,BEN,2015.0,1002.42,11360681.0,11388173848.02
Benin,BEN,2016.0,1010.53,11697842.0,11821020276.26
Benin,BEN,2017.0,1054.97,12039780.0,12701606706.6
Benin,BEN,2018.0,1151.74,12383347.0,14262396073.78
Benin,BEN,2019.0,1130.82,12726755.0,14391669089.099998
Benin,BEN,2020.0,1200.19,13070169.0,15686686132.11
Benin,BEN,2021.0,1318.65,13413417.0,17687602327.050003
Benin,BEN,2022.0,1266.43,13759501.0,17425444851.43
Benin,BEN,2023.0,1394.18,14111034.0,19673321382.120003
Bermuda,BMU,2013.0,101704.41,63574.0,6465756161.34
Bermuda,BMU,2014.0,100961.58,63529.0,6413988215.82
Bermuda,BMU,2015.0,104855.37,63464.0,6654541201.679999
Bermuda,BMU,2016.0,108747.36,63449.0,6899911244.64
Bermuda,BMU,2017.0,112339.43,63578.0,7142316280.54
Bermuda,BMU,2018.0,113204.82,63831.0,7225976865.42
Bermuda,BMU,2019.0,115798.04,64107.0,7423464950.28
Bermuda,BMU,2020.0,106976.55,64382.0,6887364242.1
Bermuda,BMU,2021.0,112765.08,64648.0,7290036891.84
Bermuda,BMU,2022.0,119969.17,64749.0,7767883788.33
Bermuda,BMU,2023.0,132961.76,64698.0,8602359948.480001
Bhutan,BTN,2013.0,2679.95,725273.0,1943695376.35
Bhutan,BTN,2014.0,2849.5,733139.0,2089079580.5
Bhutan,BTN,2015.0,2954.04,740618.0,2187815196.72
Bhutan,BTN,2016.0,3152.31,747866.0,2357505470.46
Bhutan,BTN,2017.0,3435.29,754335.0,2591359482.15
Bhutan,BTN,2018.0,3400.2,759759.0,2583332551.7999997
Bhutan,BTN,2019.0,3576.88,764824.0,2735683669.12
Bhutan,BTN,2020.0,3191.67,770006.0,2457605050.02
Bhutan,BTN,2021.0,3570.61,775442.0,2768800959.62
Bhutan,BTN,2022.0,3711.33,780914.0,2898229555.62
Bhutan,BTN,2023.0,3831.33,786385.0,3012900442.0499997
Bolivia (Plurinational State of),BOL,2013.0,2870.02,10682608.0,30659298612.16
Bolivia (Plurinational State of),BOL,2014.0,3041.44,10848888.0,32996241918.72
Bolivia (Plurinational State of),BOL,2015.0,2996.01,11014705.0,33000166327.050003
Bolivia (Plurinational State of),BOL,2016.0,3035.87,11180020.0,33941087317.399998
Bolivia (Plurinational State of),BOL,2017.0,4048.4,11344587.0,45927426010.8
Bolivia (Plurinational State of),BOL,2018.0,4206.86,11508368.0,48414093004.479996
Bolivia (Plurinational State of),BOL,2019.0,4203.15,11671386.0,49056586065.899994
Bolivia (Plurinational State of),BOL,2020.0,3580.97,11816299.0,42313812230.03
Bolivia (Plurinational State of),BOL,2021.0,4010.76,11937360.0,47877885993.600006
Bolivia (Plurinational State of),BOL,2022.0,4219.46,12077154.0,50959068216.840004
Bolivia (Plurinational State of),BOL,2023.0,4274.71,12244159.0,52340228918.89
Bosnia and Herzegovina,BIH,2013.0,5034.57,3610859.0,18179122395.629997
Bosnia and Herzegovina,BIH,2014.0,5206.07,3564829.0,18558749312.03
Bosnia and Herzegovina,BIH,2015.0,4662.26,3518541.0,16404352962.66
Bosnia and Herzegovina,BIH,2016.0,4928.57,3473003.0,17116938395.71
Bosnia and Herzegovina,BIH,2017.0,5345.02,3428682.0,18326373863.640003
Bosnia and Herzegovina,BIH,2018.0,6047.85,3387000.0,20484067950.0
Bosnia and Herzegovina,BIH,2019.0,6122.38,3345533.0,20482624328.54
Bosnia and Herzegovina,BIH,2020.0,6130.31,3299349.0,20226032168.190002
Bosnia and Herzegovina,BIH,2021.0,7295.34,3244907.0,23672699833.38
Bosnia and Herzegovina,BIH,2022.0,7655.59,3204802.0,24534650143.18
Bosnia and Herzegovina,BIH,2023.0,8663.02,3185073.0,27592351100.460003
Botswana,BWA,2013.0,6666.91,2140682.0,14271734232.619999
Botswana,BWA,2014.0,7122.36,2172044.0,15470079303.84
Botswana,BWA,2015.0,6141.2,2203273.0,13530740147.6
Botswana,BWA,2016.0,6749.06,2234776.0,15082637310.560001
Botswana,BWA,2017.0,7104.96,2266747.0,16105146765.12
Botswana,BWA,2018.0,7407.96,2299141.0,17031944562.36
Botswana,BWA,2019.0,7172.09,2332083.0,16725909163.470001
Botswana,BWA,2020.0,6323.3,2365894.0,14960257530.2
Botswana,BWA,2021.0,7807.89,2401441.0,18750187169.49
Botswana,BWA,2022.0,8328.71,2439892.0,20321152899.32
Botswana,BWA,2023.0,7827.3,2480244.0,19413613861.2
Brazil,BRA,2013.0,12458.89,198478299.0,2472819294628.11
Brazil,BRA,2014.0,12274.99,200085127.0,2456042933073.73
Brazil,BRA,2015.0,8936.2,201675532.0,1802212889058.4001
Brazil,BRA,2016.0,8836.29,203218114.0,1795694188557.06
Brazil,BRA,2017.0,10080.51,204703445.0,2063515124356.95
Brazil,BRA,2018.0,9300.66,206107261.0,1916933558092.26
Brazil,BRA,2019.0,9029.83,207455459.0,1873287527341.97
Brazil,BRA,2020.0,7074.19,208660842.0,1476106441867.98
Brazil,BRA,2021.0,7972.54,209550294.0,1670648100926.76
Brazil,BRA,2022.0,9281.33,210306415.0,1951923238731.95
Brazil,BRA,2023.0,10377.59,211140729.0,2191131917863.11
Brunei Darussalam,BRN,2013.0,44003.06,411202.0,18094146278.12
Brunei Darussalam,BRN,2014.0,41026.51,416750.0,17097798042.5
Brunei Darussalam,BRN,2015.0,30625.13,422212.0,12930297387.560001
Brunei Darussalam,BRN,2016.0,26663.3,427564.0,11400267201.199999
Brunei Darussalam,BRN,2017.0,28024.38,432772.0,12128166981.36
Brunei Darussalam,BRN,2018.0,30988.12,437810.0,13566908817.199999
Brunei Darussalam,BRN,2019.0,30426.57,442680.0,13469234007.6
Brunei Darussalam,BRN,2020.0,26834.36,447404.0,12005800001.44
Brunei Darussalam,BRN,2021.0,31006.96,451721.0,14006494978.16
Brunei Darussalam,BRN,2022.0,36632.93,455370.0,16681537334.1
Brunei Darussalam,BRN,2023.0,32890.55,458949.0,15095085031.95
Bulgaria,BGR,2013.0,7796.38,7160005.0,55822119781.9
Bulgaria,BGR,2014.0,8070.01,7073572.0,57083796775.72
Bulgaria,BGR,2015.0,7269.03,6984225.0,50768541051.75
Bulgaria,BGR,2016.0,7822.9,6894139.0,53932159983.1
Bulgaria,BGR,2017.0,8697.13,6803468.0,59170645646.84
Bulgaria,BGR,2018.0,9849.89,6710798.0,66100622112.21999
Bulgaria,BGR,2019.0,10354.25,6616726.0,68511235185.5
Bulgaria,BGR,2020.0,10760.76,6550696.0,70490467488.96
Bulgaria,BGR,2021.0,12966.81,6507301.0,84378935679.81
Bulgaria,BGR,2022.0,13999.91,6465097.0,90510776141.27
Bulgaria,BGR,2023.0,15854.02,6446596.0,102204461915.92
Burkina Faso,BFA,2013.0,759.76,17695409.0,13444263941.84
Burkina Faso,BFA,2014.0,764.86,18229461.0,13942985540.460001
Burkina Faso,BFA,2015.0,630.12,18777487.0,11832070108.44
Burkina Faso,BFA,2016.0,663.74,19334856.0,12833317321.44
Burkina Faso,BFA,2017.0,709.09,19894407.0,14106925059.630001
Burkina Faso,BFA,2018.0,777.47,20438288.0,15890155771.36
Burkina Faso,BFA,2019.0,764.85,20961952.0,16032748987.2
Burkina Faso,BFA,2020.0,825.24,21478690.0,17725074135.6
Burkina Faso,BFA,2021.0,895.54,21995243.0,19697619916.219997
Burkina Faso,BFA,2022.0,827.33,22509038.0,18622402408.54
Burkina Faso,BFA,2023.0,873.2,23025776.0,20106107603.2
Burundi,BDI,2013.0,234.84,10439341.0,2451574840.44
Burundi,BDI,2014.0,250.54,10799785.0,2705778133.9
Burundi,BDI,2015.0,254.4,11047580.0,2810504352.0
Burundi,BDI,2016.0,232.94,11239451.0,2618117715.94
Burundi,BDI,2017.0,246.06,11506762.0,2831353857.72
Burundi,BDI,2018.0,245.66,11859446.0,2913391504.36
Burundi,BDI,2019.0,234.31,12255336.0,2871547778.16
Burundi,BDI,2020.0,252.7,12617036.0,3188324997.2
Burundi,BDI,2021.0,264.17,12965481.0,3425091115.77
Burundi,BDI,2022.0,301.83,13321097.0,4020706707.5099998
Burundi,BDI,2023.0,249.8,13689450.0,3419624610.0
Cabo Verde,CPV,2013.0,3960.98,512225.0,2028912980.5
Cabo Verde,CPV,2014.0,3985.61,512326.0,2041931628.8600001
Cabo Verde,CPV,2015.0,3415.06,512394.0,1749856253.6399999
Cabo Verde,CPV,2016.0,3608.97,512554.0,1849792009.3799999
Cabo Verde,CPV,2017.0,3893.1,512893.0,1996743738.3
Cabo Verde,CPV,2018.0,4294.97,513415.0,2205102022.55
Cabo Verde,CPV,2019.0,4380.78,514104.0,2252176521.12
Cabo Verde,CPV,2020.0,3539.23,514679.0,1821567357.17
Cabo Verde,CPV,2021.0,3971.44,516649.0,2051840504.56
Cabo Verde,CPV,2022.0,4323.31,519741.0,2247001462.71
Cabo Verde,CPV,2023.0,4794.9,522331.0,2504524911.8999996
Cambodia,KHM,2013.0,1305.66,15170208.0,19807133777.280003
Cambodia,KHM,2014.0,1431.56,15396772.0,22041402924.32
Cambodia,KHM,2015.0,1547.32,15623251.0,24174168737.32
Cambodia,KHM,2016.0,1675.2,15852803.0,26556615585.600002
Cambodia,KHM,2017.0,1826.35,16073372.0,29355602952.199997
Cambodia,KHM,2018.0,2036.67,16274522.0,33145830721.74
Cambodia,KHM,2019.0,2225.88,16481304.0,36685404947.520004
Cambodia,KHM,2020.0,2081.74,16725474.0,34818088244.759995
Cambodia,KHM,2021.0,2167.4,16974305.0,36790108657.0
Cambodia,KHM,2022.0,2325.03,17201724.0,39994524351.72
Cambodia,KHM,2023.0,2429.75,17423880.0,42335672430.0
Cameroon,CMR,2013.0,1575.93,21402376.0,33728646409.68
Cameroon,CMR,2014.0,1649.44,22059893.0,36386469909.92
Cameroon,CMR,2015.0,1415.0,22763414.0,32210230810.0
Cameroon,CMR,2016.0,1441.72,23454161.0,33814332996.920002
Cameroon,CMR,2017.0,1496.09,24128601.0,36098558670.09
Cameroon,CMR,2018.0,1610.7,24806383.0,39955641098.1
Cameroon,CMR,2019.0,1555.23,25506095.0,39667844126.85
Cameroon,CMR,2020.0,1555.6,26210558.0,40773144024.799995
Cameroon,CMR,2021.0,1672.33,26915758.0,45012029576.14
Cameroon,CMR,2022.0,1604.88,27632771.0,44347281522.48
Cameroon,CMR,2023.0,1720.48,28372687.0,48814640529.76
Canada,CAN,2013.0,52637.73,35080992.0,1846583785028.1602
Canada,CAN,2014.0,50960.89,35434066.0,1805751539678.74
Canada,CAN,2015.0,43594.24,35704498.0,1556510454891.52
Canada,CAN,2016.0,42314.1,36110803.0,1527996129222.3
Canada,CAN,2017.0,45129.73,36545075.0,1649269367579.75
Canada,CAN,2018.0,46539.22,37072620.0,1725330818156.4001
Canada,CAN,2019.0,46352.97,37618495.0,1743728970180.1501
Canada,CAN,2020.0,43537.9,38028638.0,1655687038380.2
Canada,CAN,2021.0,52886.64,38239864.0,2022377921016.96
Canada,CAN,2022.0,56496.93,38950132.0,2200562881094.7603
Canada,CAN,2023.0,54847.54,40049088.0,2196593956043.52
Central African Republic,CAF,2013.0,364.37,4642419.0,1691558211.03
Central African Republic,CAF,2014.0,409.85,4623182.0,1894811142.7
Central African Republic,CAF,2015.0,366.32,4629320.0,1695812502.3999999
Central African Republic,CAF,2016.0,387.18,4713663.0,1825036040.34
Central African Republic,CAF,2017.0,432.32,4793511.0,2072330675.52
Central African Republic,CAF,2018.0,455.24,4878657.0,2220959812.68
Central African Republic,CAF,2019.0,449.23,4944703.0,2221308928.69
Central African Republic,CAF,2020.0,462.88,5026628.0,2326725568.64
Central African Republic,CAF,2021.0,492.26,5112100.0,2516482346.0
Central African Republic,CAF,2022.0,467.36,5098039.0,2382619507.04
Central African Republic,CAF,2023.0,495.98,5152421.0,2555497767.58
Chad,TCD,2013.0,1304.89,13691079.0,17865352076.31
Chad,TCD,2014.0,1278.79,14188678.0,18144339539.62
Chad,TCD,2015.0,993.99,14647621.0,14559588797.79
Chad,TCD,2016.0,861.83,15114655.0,13026263118.650002
Chad,TCD,2017.0,854.46,15622759.0,13349022655.140001
Chad,TCD,2018.0,948.66,16156531.0,15327054698.46
Chad,TCD,2019.0,893.34,16685223.0,14905577114.82
Chad,TCD,2020.0,866.95,17224679.0,14932935459.050001
Chad,TCD,2021.0,946.36,17828273.0,16871964436.28
Chad,TCD,2022.0,966.04,18455316.0,17828573468.64
Chad,TCD,2023.0,949.99,19319064.0,18352917609.36
Chile,CHL,2013.0,15683.55,17687006.0,277395042951.3
Chile,CHL,2014.0,14529.68,17864195.0,259561036807.6
Chile,CHL,2015.0,13433.92,18047625.0,242450350440.0
Chile,CHL,2016.0,13649.85,18267221.0,249344826566.85
Chile,CHL,2017.0,14879.91,18558868.0,276154285541.88
Chile,CHL,2018.0,15659.48,18893191.0,295857546600.68
Chile,CHL,2019.0,14496.93,19197744.0,278308350925.92
Chile,CHL,2020.0,13117.99,19370624.0,254103651925.76
Chile,CHL,2021.0,16216.18,19456334.0,315507414284.12
Chile,CHL,2022.0,15399.1,19553036.0,301099156667.60004
Chile,CHL,2023.0,17081.52,19658835.0,335802783229.2
China,CHN,2013.0,7147.04,1363240000.0,9743130809600.0
China,CHN,2014.0,7781.07,1371860000.0,10674538690200.0
China,CHN,2015.0,8175.33,1379860000.0,11280810853800.0
China,CHN,2016.0,8254.87,1387790000.0,11456026037300.002
China,CHN,2017.0,8979.68,1396215000.0,12537563911200.0
China,CHN,2018.0,10085.66,1402760000.0,14147760421600.0
China,CHN,2019.0,10342.9,1407745000.0,14560165760500.0
China,CHN,2020.0,10627.46,1411100000.0,14996408805999.998
China,CHN,2021.0,12887.44,1412360000.0,18201704758400.0
China,CHN,2022.0,12970.61,1412175000.0,18316771176750.0
China,CHN,2023.0,12951.18,1410710000.0,18270359137800.0
Colombia,COL,2013.0,8279.1,46151584.0,382093579094.4
Colombia,COL,2014.0,8187.21,46565429.0,381240945963.09
Colombia,COL,2015.0,6248.51,46969940.0,293492139789.4
Colombia,COL,2016.0,5959.84,47437512.0,282719981518.08
Colombia,COL,2017.0,6479.53,48131078.0,311866763833.33997
Colombia,COL,2018.0,6816.97,49024465.0,334198307171.05
Colombia,COL,2019.0,6472.55,49907985.0,323031928311.75
Colombia,COL,2020.0,5339.69,50629997.0,270348488680.93
Colombia,COL,2021.0,6222.62,51188173.0,318524549073.26
Colombia,COL,2022.0,6680.45,51737944.0,345632747994.8
Colombia,COL,2023.0,7012.49,52321152.0,366901555188.48
Comoros,COM,2013.0,1603.33,696192.0,1116225519.36
Comoros,COM,2014.0,1615.72,711503.0,1149589627.16
Comoros,COM,2015.0,1329.37,726682.0,966029250.3399999
Comoros,COM,2016.0,1365.48,741741.0,1012832500.6800001
Comoros,COM,2017.0,1423.92,756669.0,1077436122.48
Comoros,COM,2018.0,1540.71,771590.0,1188796428.9
Comoros,COM,2019.0,1519.26,786578.0,1195016492.28
Comoros,COM,2020.0,1527.17,802163.0,1225039268.71
Comoros,COM,2021.0,1587.73,818174.0,1299039405.02
Comoros,COM,2022.0,1533.88,834188.0,1279544289.44
Comoros,COM,2023.0,1723.89,850387.0,1465973645.43
Congo,COG,2013.0,3697.42,4857099.0,17958734984.58
Congo,COG,2014.0,3601.24,4975880.0,17919338091.2
Congo,COG,2015.0,2439.35,5097581.0,12434784212.35
Congo,COG,2016.0,2093.11,5222536.0,10931342326.960001
Congo,COG,2017.0,2211.63,5351011.0,11834456457.93
Congo,COG,2018.0,2694.43,5483118.0,14773877632.74
Congo,COG,2019.0,2488.42,5616661.0,13976611565.62
Congo,COG,2020.0,1993.59,5752791.0,11468706609.689999
Congo,COG,2021.0,2516.16,5892183.0,14825675177.279999
Congo,COG,2022.0,2620.84,6035104.0,15817041967.36
Congo,COG,2023.0,2477.98,6182885.0,15321065372.3
Costa Rica,CRI,2013.0,10803.24,4716147.0,50949667916.28
Costa Rica,CRI,2014.0,10911.5,4767119.0,52016418968.5
Costa Rica,CRI,2015.0,11714.71,4818038.0,56441917938.979996
Costa Rica,CRI,2016.0,12091.03,4866998.0,58847018827.94
Costa Rica,CRI,2017.0,12317.09,4913177.0,60516043294.93
Costa Rica,CRI,2018.0,12620.02,4957818.0,62567762316.36
Costa Rica,CRI,2019.0,12951.86,4999553.0,64753510518.58
Costa Rica,CRI,2020.0,12475.69,5034320.0,62806615680.8
Costa Rica,CRI,2021.0,12962.27,5059988.0,65588930652.76
Costa Rica,CRI,2022.0,13971.76,5081765.0,71001200956.4
Costa Rica,CRI,2023.0,17140.77,5105525.0,87512629754.25
Croatia,HRV,2013.0,14135.09,4233922.0,59846868522.98
Croatia,HRV,2014.0,14186.77,4201598.0,59607104458.46
Croatia,HRV,2015.0,12283.88,4151725.0,50999291693.0
Croatia,HRV,2016.0,12820.19,4106867.0,52650815244.73
Croatia,HRV,2017.0,13901.65,4041407.0,56182225621.549995
Croatia,HRV,2018.0,15460.46,3988775.0,61668296336.5
Croatia,HRV,2019.0,15563.74,3949390.0,61467279118.6
Croatia,HRV,2020.0,14807.56,3914206.0,57959840197.36
Croatia,HRV,2021.0,17788.76,3878981.0,69002262053.56
Croatia,HRV,2022.0,18465.53,3855641.0,71196454554.73
Croatia,HRV,2023.0,22183.5,3859686.0,85621344381.0
Cuba,CUB,2013.0,6828.36,11298167.0,77147951616.12
Cuba,CUB,2014.0,7146.7,11285775.0,80656048192.5
Cuba,CUB,2015.0,7727.92,11275065.0,87132800314.8
Cuba,CUB,2016.0,8110.56,11265612.0,91370422062.72
Cuba,CUB,2017.0,8610.61,11247829.0,96850668865.69
Cuba,CUB,2018.0,8911.46,11227118.0,100050012972.27998
Cuba,CUB,2019.0,9232.26,11202846.0,103427587011.96
Cuba,CUB,2020.0,9605.28,11176354.0,107352009549.12001
Cuba,CUB,2021.0,,11122168.0,
Cuba,CUB,2022.0,,11059820.0,
Cuba,CUB,2023.0,,11019931.0,
Cyprus,CYP,2013.0,27764.73,1183895.0,32870525023.35
Cyprus,CYP,2014.0,26993.1,1201801.0,32440334573.1
Cyprus,CYP,2015.0,23088.43,1219502.0,28156386561.86
Cyprus,CYP,2016.0,24280.04,1237112.0,30037128844.48
Cyprus,CYP,2017.0,26247.46,1254275.0,32921532891.5
Cyprus,CYP,2018.0,29120.39,1270737.0,37004357027.43
Cyprus,CYP,2019.0,29227.17,1286671.0,37605752051.07
Cyprus,CYP,2020.0,28130.33,1302247.0,36632637851.51
Cyprus,CYP,2021.0,32937.84,1317309.0,43389313072.56
Cyprus,CYP,2022.0,33231.05,1331370.0,44242823038.50001
Cyprus,CYP,2023.0,36623.71,1344976.0,49258010980.96
Czechia,CZE,2013.0,20260.5,10514272.0,213024407856.0
Czechia,CZE,2014.0,20038.42,10525347.0,210911323831.74
Czechia,CZE,2015.0,17931.6,10546059.0,189107711564.4
Czechia,CZE,2016.0,18753.97,10566332.0,198160673338.04
Czechia,CZE,2017.0,20913.2,10594438.0,221563600781.6
Czechia,CZE,2018.0,23705.93,10629928.0,251992329073.04
Czechia,CZE,2019.0,24062.72,10671870.0,256794219686.40002
Czechia,CZE,2020.0,23472.89,10697858.0,251109644069.62
Czechia,CZE,2021.0,27696.46,10505772.0,290972693967.12
Czechia,CZE,2022.0,28282.22,10672118.0,301831189141.96
Czechia,CZE,2023.0,31761.59,10864042.0,345059247746.78
Côte d'Ivoire,CIV,2013.0,1786.16,23939775.0,42760268514.0
Côte d'Ivoire,CIV,2014.0,1991.37,24527395.0,48843118581.149994
Côte d'Ivoire,CIV,2015.0,1814.72,25246342.0,45815041754.24
Côte d'Ivoire,CIV,2016.0,1862.6,25989405.0,48407865753.0
Côte d'Ivoire,CIV,2017.0,1964.3,26733372.0,52512362619.6
Côte d'Ivoire,CIV,2018.0,2130.87,27464173.0,58522582320.509995
Côte d'Ivoire,CIV,2019.0,2141.77,28193009.0,60382940885.93
Côte d'Ivoire,CIV,2020.0,2179.73,28915449.0,63027871648.770004
Côte d'Ivoire,CIV,2021.0,2455.98,29639736.0,72794598821.28
Côte d'Ivoire,CIV,2022.0,2333.37,30395002.0,70922785816.73999
Côte d'Ivoire,CIV,2023.0,2591.97,31165654.0,80780440198.37999
Democratic People's Republic of Korea,PRK,2013.0,,25329451.0,
Democratic People's Republic of Korea,PRK,2014.0,,25451262.0,
Democratic People's Republic of Korea,PRK,2015.0,,25575350.0,
Democratic People's Republic of Korea,PRK,2016.0,,25698326.0,
Democratic People's Republic of Korea,PRK,2017.0,,25817709.0,
Democratic People's Republic of Korea,PRK,2018.0,,25931147.0,
Democratic People's Republic of Korea,PRK,2019.0,,26037632.0,
Democratic People's Republic of Korea,PRK,2020.0,,26136312.0,
Democratic People's Republic of Korea,PRK,2021.0,,26232534.0,
Democratic People's Republic of Korea,PRK,2022.0,,26328845.0,
Democratic People's Republic of Korea,PRK,2023.0,,26418204.0,
Democratic Republic of the Congo,COD,2013.0,460.37,75789395.0,34891163776.15
Democratic Republic of the Congo,COD,2014.0,489.18,78403242.0,38353297921.56
Democratic Republic of the Congo,COD,2015.0,495.83,81035531.0,40179847335.729996
Democratic Republic of the Congo,COD,2016.0,459.77,83956415.0,38600640924.549995
Democratic Republic of the Congo,COD,2017.0,431.05,87083398.0,37537298707.9
Democratic Republic of the Congo,COD,2018.0,518.17,90047644.0,46659987691.479996
Democratic Republic of the Congo,COD,2019.0,504.0,92947442.0,46845510768.0
Democratic Republic of the Congo,COD,2020.0,486.43,95989998.0,46692414727.14
Democratic Republic of the Congo,COD,2021.0,595.74,99148932.0,59066984749.68
Democratic Republic of the Congo,COD,2022.0,687.74,102396968.0,70422490772.32
Democratic Republic of the Congo,COD,2023.0,660.21,105789731.0,69843438303.51001
Denmark,DNK,2013.0,61377.59,5614932.0,344630994173.88
Denmark,DNK,2014.0,62520.45,5643475.0,352832596563.75
Denmark,DNK,2015.0,53094.01,5683483.0,301758903236.83
Denmark,DNK,2016.0,54500.93,5728010.0,312181872049.3
Denmark,DNK,2017.0,57521.55,5764980.0,331610585319.0
Denmark,DNK,2018.0,61324.77,5793636.0,355293395163.72
Denmark,DNK,2019.0,59404.27,5814422.0,345401494381.94
Denmark,DNK,2020.0,60985.49,5831404.0,355631030327.95996
Denmark,DNK,2021.0,69340.73,5856733.0,406110141635.08997
Denmark,DNK,2022.0,67781.09,5903037.0,400114282170.32996
Denmark,DNK,2023.0,68043.55,5946952.0,404651725759.60004
Djibouti,DJI,2013.0,2075.94,984824.0,2044435534.56
Djibouti,DJI,2014.0,2214.62,1002717.0,2220637122.54
Djibouti,DJI,2015.0,2376.13,1020313.0,2424396328.69
Djibouti,DJI,2016.0,2510.43,1037653.0,2604955220.79
Djibouti,DJI,2017.0,2618.96,1054841.0,2762586385.36
Djibouti,DJI,2018.0,2718.08,1071882.0,2913461026.56
Djibouti,DJI,2019.0,2837.17,1088709.0,3088852513.53
Djibouti,DJI,2020.0,2844.89,1105188.0,3144138289.3199997
Djibouti,DJI,2021.0,3025.91,1121248.0,3392795535.68
Djibouti,DJI,2022.0,3133.26,1137096.0,3562817412.96
Djibouti,DJI,2023.0,3381.3,1152944.0,3898449547.2000003
Dominica,DMA,2013.0,7822.22,69715.0,545326067.3000001
Dominica,DMA,2014.0,8131.75,70373.0,572255642.75
Dominica,DMA,2015.0,8282.6,70410.0,583177866.0
Dominica,DMA,2016.0,8802.56,69606.0,612710991.36
Dominica,DMA,2017.0,8224.65,68496.0,563355626.4
Dominica,DMA,2018.0,9215.31,68174.0,628244543.9399999
Dominica,DMA,2019.0,9491.15,67880.0,644259262.0
Dominica,DMA,2020.0,7827.75,67573.0,528944550.75
Dominica,DMA,2021.0,8376.4,67202.0,562910832.8
Dominica,DMA,2022.0,9323.66,66826.0,623062903.16
Dominica,DMA,2023.0,9912.96,66510.0,659310969.5999999
Dominican Republic,DOM,2013.0,6136.59,10193833.0,62555373649.47
Dominican Republic,DOM,2014.0,6496.45,10315528.0,67014311875.6
Dominican Republic,DOM,2015.0,6800.95,10434829.0,70966750287.55
Dominican Republic,DOM,2016.0,7160.44,10551430.0,75552881429.2
Dominican Republic,DOM,2017.0,7412.72,10666843.0,79070320442.96
Dominican Republic,DOM,2018.0,7882.98,10782053.0,84994708157.94
Dominican Republic,DOM,2019.0,8183.02,10894043.0,89146171749.86
Dominican Republic,DOM,2020.0,7135.22,11008300.0,78546642326.0
Dominican Republic,DOM,2021.0,8527.08,11123476.0,94850769730.08
Dominican Republic,DOM,2022.0,10104.25,11230734.0,113478144019.5
Dominican Republic,DOM,2023.0,10630.43,11331265.0,120456219393.95
Ecuador,ECU,2013.0,6109.29,15807128.0,96570329019.12
Ecuador,ECU,2014.0,6405.8,16035124.0,102717797319.2
Ecuador,ECU,2015.0,5976.16,16266225.0,97209563196.0
Ecuador,ECU,2016.0,5917.64,16505139.0,97671470751.96
Ecuador,ECU,2017.0,6233.32,16759519.0,104467444973.08
Ecuador,ECU,2018.0,6303.92,17049547.0,107478980324.24
Ecuador,ECU,2019.0,6205.06,17340021.0,107595870706.26001
Ecuador,ECU,2020.0,5463.65,17546065.0,95865558037.25
Ecuador,ECU,2021.0,6061.32,17682454.0,107179012079.28
Ecuador,ECU,2022.0,6515.59,17823897.0,116133205054.23
Ecuador,ECU,2023.0,6718.14,17980083.0,120792714805.62001
Egypt,EGY,2013.0,3025.53,95333553.0,288434524608.09
Egypt,EGY,2014.0,3133.39,97528654.0,305595309157.06
Egypt,EGY,2015.0,3306.98,99597342.0,329366418047.16
Egypt,EGY,2016.0,3270.63,101644589.0,332441842121.07
Egypt,EGY,2017.0,2395.1,103696057.0,248362426120.69998
Egypt,EGY,2018.0,2484.7,105682094.0,262588298961.8
Egypt,EGY,2019.0,2962.99,107553158.0,318678931622.42
Egypt,EGY,2020.0,3511.11,109315124.0,383817425027.64
Egypt,EGY,2021.0,3827.35,110957008.0,424671304568.8
Egypt,EGY,2022.0,4233.31,112618250.0,476747963907.50006
Egypt,EGY,2023.0,3456.79,114535772.0,395926111291.88
El Salvador,SLV,2013.0,3582.27,6138839.0,21990978784.53
El Salvador,SLV,2014.0,3666.01,6162955.0,22593454659.550003
El Salvador,SLV,2015.0,3790.34,6183676.0,23438234489.84
El Salvador,SLV,2016.0,3901.34,6200800.0,24191429072.0
El Salvador,SLV,2017.0,4020.13,6213533.0,24979210419.29
El Salvador,SLV,2018.0,4183.55,6219807.0,26020873574.850002
El Salvador,SLV,2019.0,4320.12,6222318.0,26881160438.16
El Salvador,SLV,2020.0,3997.19,6234673.0,24921172568.87
El Salvador,SLV,2021.0,4642.61,6255782.0,29043156071.019997
El Salvador,SLV,2022.0,5074.6,6280319.0,31870106797.4
El Salvador,SLV,2023.0,5319.72,6309624.0,33565432985.280003
Equatorial Guinea,GNQ,2013.0,16304.07,1346218.0,21948832507.26
Equatorial Guinea,GNQ,2014.0,15548.66,1399828.0,21765449630.48
Equatorial Guinea,GNQ,2015.0,9068.91,1453923.0,13185496833.93
Equatorial Guinea,GNQ,2016.0,7453.2,1508186.0,11240811895.199999
Equatorial Guinea,GNQ,2017.0,7809.1,1562396.0,12200906603.6
Equatorial Guinea,GNQ,2018.0,8102.47,1616422.0,13097010762.34
Equatorial Guinea,GNQ,2019.0,6804.15,1670177.0,11364134834.55
Equatorial Guinea,GNQ,2020.0,5764.06,1716468.0,9893824540.08
Equatorial Guinea,GNQ,2021.0,6945.63,1758786.0,12215876805.18
Equatorial Guinea,GNQ,2022.0,7589.3,1803545.0,13687644068.5
Equatorial Guinea,GNQ,2023.0,6788.35,1847549.0,12541809254.150002
Eritrea,ERI,2013.0,,3074360.0,
Eritrea,ERI,2014.0,,3095173.0,
Eritrea,ERI,2015.0,,3105546.0,
Eritrea,ERI,2016.0,,3124698.0,
Eritrea,ERI,2017.0,,3150347.0,
Eritrea,ERI,2018.0,,3192760.0,
Eritrea,ERI,2019.0,,3240194.0,
Eritrea,ERI,2020.0,,3291271.0,
Eritrea,ERI,2021.0,,3350183.0,
Eritrea,ERI,2022.0,,3409447.0,
Eritrea,ERI,2023.0,,3470390.0,
Estonia,EST,2013.0,19310.39,1317997.0,25451036088.829998
Estonia,EST,2014.0,20581.79,1314545.0,27055689135.550003
Estonia,EST,2015.0,17722.16,1315407.0,23311853319.12
Estonia,EST,2016.0,18666.37,1315790.0,24561022982.3
Estonia,EST,2017.0,20851.52,1317384.0,27469458823.68
Estonia,EST,2018.0,23618.14,1321977.0,31222637862.78
Estonia,EST,2019.0,24021.25,1326898.0,31873748582.5
Estonia,EST,2020.0,23933.99,1329522.0,31820766252.780003
Estonia,EST,2021.0,27951.17,1330932.0,37201106590.439995
Estonia,EST,2022.0,28340.38,1348840.0,38226638159.200005
Estonia,EST,2023.0,30264.01,1370286.0,41470349206.86
Eswatini,SWZ,2013.0,3949.94,1129990.0,4463392700.6
Eswatini,SWZ,2014.0,3771.07,1136299.0,4285063069.9300003
Eswatini,SWZ,2015.0,3419.82,1142813.0,3908214753.6600003
Eswatini,SWZ,2016.0,3238.18,1149507.0,3722310577.2599998
Eswatini,SWZ,2017.0,3853.1,1158195.0,4462641154.5
Eswatini,SWZ,2018.0,3972.65,1168929.0,4643745791.85
Eswatini,SWZ,2019.0,3913.15,1179874.0,4617023943.1
Eswatini,SWZ,2020.0,3466.57,1192729.0,4134678569.53
Eswatini,SWZ,2021.0,3984.0,1206593.0,4807066512.0
Eswatini,SWZ,2022.0,3894.16,1218917.0,4746657824.72
Eswatini,SWZ,2023.0,3755.52,1230506.0,4621189893.12
Ethiopia,ETH,2013.0,484.04,98438751.0,47648293034.04
Ethiopia,ETH,2014.0,549.99,101115610.0,55612574343.9
Ethiopia,ETH,2015.0,597.91,103867135.0,62103198687.85
Ethiopia,ETH,2016.0,641.65,106718162.0,68475708647.299995
Ethiopia,ETH,2017.0,696.35,109666481.0,76366254044.35
Ethiopia,ETH,2018.0,739.7,112664152.0,83337673234.40001
Ethiopia,ETH,2019.0,793.47,115737383.0,91834141289.01001
Ethiopia,ETH,2020.0,829.79,118917671.0,98676694219.09
Ethiopia,ETH,2021.0,893.01,122138588.0,109070980469.88
Ethiopia,ETH,2022.0,982.1,125384287.0,123139908262.7
Ethiopia,ETH,2023.0,1055.81,128691692.0,135873975330.51999
Fiji,FJI,2013.0,4572.44,916352.0,4189964538.8799996
Fiji,FJI,2014.0,5293.36,917585.0,4857107735.599999
Fiji,FJI,2015.0,5097.53,918578.0,4682478912.34
Fiji,FJI,2016.0,5363.79,919166.0,4930213399.14
Fiji,FJI,2017.0,5826.85,918759.0,5353470879.150001
Fiji,FJI,2018.0,6085.42,917180.0,5581425515.6
Fiji,FJI,2019.0,5842.07,914899.0,5344904000.929999
Fiji,FJI,2020.0,4620.65,914963.0,4227723785.95
Fiji,FJI,2021.0,4536.73,916711.0,4158870295.0299997
Fiji,FJI,2022.0,5414.12,919422.0,4977861038.64
Fiji,FJI,2023.0,5926.21,924145.0,5476677340.45
Finland,FIN,2013.0,49691.01,5438972.0,270268012041.72
Finland,FIN,2014.0,50073.78,5461512.0,273478550355.36
Finland,FIN,2015.0,42560.35,5479531.0,233210757195.85
Finland,FIN,2016.0,43451.26,5495303.0,238777839431.78
Finland,FIN,2017.0,46085.02,5508214.0,253846152354.27997
Finland,FIN,2018.0,49654.25,5515525.0,273869257231.25
Finland,FIN,2019.0,48358.18,5521606.0,267014816837.08
Finland,FIN,2020.0,48828.68,5529543.0,270000285693.24
Finland,FIN,2021.0,53099.14,5541017.0,294223237425.38
Finland,FIN,2022.0,50440.56,5556106.0,280253098059.36
Finland,FIN,2023.0,52864.69,5583911.0,295191724002.59
France,FRA,2013.0,42669.18,65997932.0,2816077640135.7603
France,FRA,2014.0,43148.05,66312067.0,2861236382519.35
France,FRA,2015.0,36702.43,66548272.0,2442483294700.96
France,FRA,2016.0,37024.22,66724104.0,2470407905798.88
France,FRA,2017.0,38687.16,66918020.0,2588868146623.2
France,FRA,2018.0,41418.18,67158348.0,2781576545966.64
France,FRA,2019.0,40408.28,67382061.0,2722793187865.08
France,FRA,2020.0,39169.86,67601110.0,2647926014544.6
France,FRA,2021.0,43725.1,67842811.0,2966433695256.1
France,FRA,2022.0,40988.64,68184457.0,2794788161568.48
France,FRA,2023.0,44700.14,68372286.0,3056250756320.04
Gabon,GAB,2013.0,9197.7,1913059.0,17595742764.300003
Gabon,GAB,2014.0,9201.36,1978399.0,18203961422.64
Gabon,GAB,2015.0,7047.13,2040989.0,14383114811.57
Gabon,GAB,2016.0,6677.07,2100306.0,14023890183.42
Gabon,GAB,2017.0,6921.73,2156900.0,14929479437.0
Gabon,GAB,2018.0,7624.28,2212318.0,16867331881.039999
Gabon,GAB,2019.0,7441.18,2267706.0,16874408533.08
Gabon,GAB,2020.0,6605.8,2322539.0,15342228126.2
Gabon,GAB,2021.0,8181.41,2376722.0,19444937138.02
Gabon,GAB,2022.0,8409.21,2430747.0,20440661979.87
Gabon,GAB,2023.0,7802.82,2484789.0,19388361304.98
Gambia,GMB,2013.0,653.86,2103820.0,1375603745.2
Gambia,GMB,2014.0,568.0,2164528.0,1229451904.0
Gambia,GMB,2015.0,619.54,2224529.0,1378184696.6599998
Gambia,GMB,2016.0,650.06,2283769.0,1484586876.1399999
Gambia,GMB,2017.0,642.52,2342189.0,1504903276.28
Gambia,GMB,2018.0,696.22,2399632.0,1670671791.04
Gambia,GMB,2019.0,738.19,2456844.0,1813617672.3600001
Gambia,GMB,2020.0,720.34,2515733.0,1812183109.22
Gambia,GMB,2021.0,781.89,2576010.0,2014156458.8999999
Gambia,GMB,2022.0,836.24,2636470.0,2204721672.8
Gambia,GMB,2023.0,883.02,2697845.0,2382251091.9
Georgia,GEO,2013.0,4712.0,3717668.0,17517651616.0
Georgia,GEO,2014.0,4830.33,3719414.0,17965997026.62
Georgia,GEO,2015.0,4086.62,3725276.0,15223787407.119999
Georgia,GEO,2016.0,4143.4,3727505.0,15444544216.999998
Georgia,GEO,2017.0,4418.75,3728004.0,16473117675.0
Georgia,GEO,2018.0,4804.05,3726549.0,17902527723.45
Georgia,GEO,2019.0,4741.28,3720161.0,17638324946.079998
Georgia,GEO,2020.0,4300.86,3722716.0,16010880335.759998
Georgia,GEO,2021.0,5083.61,3708610.0,18853126882.1
Georgia,GEO,2022.0,6729.85,3712502.0,24984581584.7
Georgia,GEO,2023.0,8283.67,3715483.0,30777835062.61
Germany,DEU,2013.0,47206.84,80645605.0,3807024171938.1997
Germany,DEU,2014.0,48959.6,80982500.0,3964870807000.0
Germany,DEU,2015.0,41929.75,81686611.0,3425099177577.25
Germany,DEU,2016.0,42948.94,82348669.0,3536788043960.8604
Germany,DEU,2017.0,45553.93,82657002.0,3765351283117.86
Germany,DEU,2018.0,48916.17,82905782.0,4055433326294.94
Germany,DEU,2019.0,47656.2,83092962.0,3959894815664.4
Germany,DEU,2020.0,47394.87,83160871.0,3941398670131.77
Germany,DEU,2021.0,52349.25,83196078.0,4355252286241.5
Germany,DEU,2022.0,50506.52,83177813.0,4201021875840.76
Germany,DEU,2023.0,54776.77,83287273.0,4562207797048.21
Ghana,GHA,2013.0,2294.8,27386193.0,62845835696.4
Ghana,GHA,2014.0,1949.91,28041592.0,54678580656.72
Ghana,GHA,2015.0,1722.77,28696068.0,49436725068.36
Ghana,GHA,2016.0,1912.48,29356742.0,56144181940.16
Ghana,GHA,2017.0,2012.29,30008354.0,60385510670.659996
Ghana,GHA,2018.0,2195.32,30637585.0,67259303102.200005
Ghana,GHA,2019.0,2186.66,31258945.0,68352684673.7
Ghana,GHA,2020.0,2195.45,31887809.0,70008090269.04999
Ghana,GHA,2021.0,2445.19,32518665.0,79514314471.35
Ghana,GHA,2022.0,2229.89,33149152.0,73918962553.28
Ghana,GHA,2023.0,2383.9,33787914.0,80547008184.6
Greece,GRC,2013.0,21573.34,10965211.0,236556225074.74
Greece,GRC,2014.0,21474.73,10892413.0,233911628223.49
Greece,GRC,2015.0,17980.73,10820883.0,194567375584.59
Greece,GRC,2016.0,17919.24,10775971.0,193097210582.04
Greece,GRC,2017.0,18631.99,10754679.0,200381071581.21002
Greece,GRC,2018.0,19873.4,10732882.0,213298857138.80002
Greece,GRC,2019.0,19335.36,10721582.0,207305647739.52002
Greece,GRC,2020.0,17886.73,10698599.0,191362951691.27
Greece,GRC,2021.0,20652.9,10570130.0,218303837877.00003
Greece,GRC,2022.0,20884.68,10437805.0,217990217327.4
Greece,GRC,2023.0,23343.71,10407351.0,242946183612.21
Greenland,GRL,2013.0,47535.49,56483.0,2684947081.67
Greenland,GRL,2014.0,50485.22,56295.0,2842065459.9
Greenland,GRL,2015.0,44536.35,56114.0,2499112743.9
Greenland,GRL,2016.0,48181.75,56186.0,2707139805.5
Greenland,GRL,2017.0,50765.75,56172.0,2851613709.0
Greenland,GRL,2018.0,54545.14,56023.0,3055782378.22
Greenland,GRL,2019.0,53309.2,56225.0,2997309770.0
Greenland,GRL,2020.0,54812.67,56367.0,3089625769.89
Greenland,GRL,2021.0,58135.99,56653.0,3293578241.47
Greenland,GRL,2022.0,55635.0,56661.0,3152334735.0
Greenland,GRL,2023.0,58498.97,56865.0,3326543929.05
Grenada,GRD,2013.0,7424.8,113487.0,842618277.6
Grenada,GRD,2014.0,7986.33,114132.0,911495815.56
Grenada,GRD,2015.0,8694.12,114676.0,997006905.1200001
Grenada,GRD,2016.0,9221.23,115130.0,1061640209.9
Grenada,GRD,2017.0,9751.43,115438.0,1125685576.3400002
Grenada,GRD,2018.0,10083.02,115691.0,1166514666.82
Grenada,GRD,2019.0,10462.79,115981.0,1213484846.99
Grenada,GRD,2020.0,8968.56,116341.0,1043411238.9599999
Grenada,GRD,2021.0,9617.29,116688.0,1122222335.5200002
Grenada,GRD,2022.0,10469.39,116913.0,1224007793.07
Grenada,GRD,2023.0,11414.48,117081.0,1336418732.8799999
Guam,GUM,2013.0,32530.76,165966.0,5399000114.16
Guam,GUM,2014.0,33900.15,165486.0,5610000222.900001
Guam,GUM,2015.0,35165.7,164905.0,5798999758.499999
Guam,GUM,2016.0,35930.66,164233.0,5901000083.780001
Guam,GUM,2017.0,36779.01,163490.0,6013000344.900001
Guam,GUM,2018.0,37195.95,162679.0,6050999950.049999
Guam,GUM,2019.0,39274.94,161808.0,6354999491.52
Guam,GUM,2020.0,36482.94,162158.0,5916000584.52
Guam,GUM,2021.0,38074.88,163730.0,6234000102.4
Guam,GUM,2022.0,41833.15,165180.0,6909999717.0
Guam,GUM,2023.0,,166506.0,
Guatemala,GTM,2013.0,3444.16,15387337.0,52996450601.92
Guatemala,GTM,2014.0,3689.15,15681725.0,57852235783.75
Guatemala,GTM,2015.0,3893.51,15971743.0,62186141087.93
Guatemala,GTM,2016.0,4060.14,16268760.0,66053443226.4
Guatemala,GTM,2017.0,4324.99,16567357.0,71653653351.43
Guatemala,GTM,2018.0,4352.95,16845685.0,73328424520.75
Guatemala,GTM,2019.0,4511.99,17103803.0,77172188097.97
Guatemala,GTM,2020.0,4477.62,17357325.0,77719505566.5
Guatemala,GTM,2021.0,4912.62,17598650.0,86455479963.0
Guatemala,GTM,2022.0,5356.92,17847877.0,95609649258.84
Guatemala,GTM,2023.0,5754.43,18124838.0,104298111532.34001
Guinea,GIN,2013.0,748.46,11191873.0,8376669265.580001
Guinea,GIN,2014.0,765.15,11472924.0,8778507798.6
Guinea,GIN,2015.0,747.36,11767070.0,8794237435.2
Guinea,GIN,2016.0,711.99,12073030.0,8595876629.7
Guinea,GIN,2017.0,833.6,12385659.0,10324685342.4
Guinea,GIN,2018.0,933.27,12704774.0,11856984430.98
Guinea,GIN,2019.0,1031.34,13034346.0,13442842403.64
Guinea,GIN,2020.0,1053.66,13371183.0,14088680679.78
Guinea,GIN,2021.0,1244.97,13710513.0,17069177369.61
Guinea,GIN,2022.0,1416.6,14055137.0,19910507074.199997
Guinea,GIN,2023.0,1555.49,14405468.0,22407561419.32
Guinea-Bissau,GNB,2013.0,654.3,1695973.0,1109675133.8999999
Guinea-Bissau,GNB,2014.0,652.02,1741122.0,1135246366.44
Guinea-Bissau,GNB,2015.0,645.07,1786457.0,1152389816.99
Guinea-Bissau,GNB,2016.0,679.67,1831893.0,1245082715.31
Guinea-Bissau,GNB,2017.0,783.12,1877072.0,1469972624.64
Guinea-Bissau,GNB,2018.0,808.53,1922168.0,1554130493.04
Guinea-Bissau,GNB,2019.0,811.21,1967696.0,1596214672.16
Guinea-Bissau,GNB,2020.0,846.92,2013255.0,1705065924.6
Guinea-Bissau,GNB,2021.0,926.55,2058841.0,1907619128.55
Guinea-Bissau,GNB,2022.0,881.6,2105529.0,1856234366.4
Guinea-Bissau,GNB,2023.0,964.43,2153339.0,2076744731.77
Guyana,GUY,2013.0,5556.91,750021.0,4167799195.1099997
Guyana,GUY,2014.0,5472.69,754229.0,4127661506.0099998
Guyana,GUY,2015.0,5640.42,758781.0,4279843528.02
Guyana,GUY,2016.0,5870.88,763548.0,4482698682.24
Guyana,GUY,2017.0,6178.67,768479.0,4748178142.93
Guyana,GUY,2018.0,6048.39,791556.0,4787639394.84
Guyana,GUY,2019.0,6405.82,807665.0,5173756610.3
Guyana,GUY,2020.0,6775.71,807481.0,5471257086.51
Guyana,GUY,2021.0,9860.87,815482.0,8041361989.340001
Guyana,GUY,2022.0,17913.49,821637.0,14718386183.130001
Guyana,GUY,2023.0,20473.7,826353.0,16918503416.1
Haiti,HTI,2013.0,1457.83,10222362.0,14902465994.46
Haiti,HTI,2014.0,1460.19,10373235.0,15146894014.65
Haiti,HTI,2015.0,1411.13,10523242.0,14849662483.460001
Haiti,HTI,2016.0,1318.4,10671457.0,14069248908.800001
Haiti,HTI,2017.0,1395.24,10817754.0,15093363090.960001
Haiti,HTI,2018.0,1496.38,10962362.0,16403859249.560001
Haiti,HTI,2019.0,1352.17,11105163.0,15016068253.710001
Haiti,HTI,2020.0,1290.33,11243848.0,14508274389.839998
Haiti,HTI,2021.0,1824.68,11374586.0,20754979582.48
Haiti,HTI,2022.0,1748.41,11503606.0,20113019766.46
Haiti,HTI,2023.0,1748.41,11637398.0,20346943037.18
Honduras,HND,2013.0,2081.13,8889278.0,18499743124.14
Honduras,HND,2014.0,2179.88,9063122.0,19756518385.36
Honduras,HND,2015.0,2271.2,9237305.0,20979767116.0
Honduras,HND,2016.0,2307.34,9412380.0,21717560869.2
Honduras,HND,2017.0,2413.01,9588137.0,23136270462.370003
Honduras,HND,2018.0,2464.64,9765210.0,24067727174.399998
Honduras,HND,2019.0,2502.33,9943633.0,24882251164.89
Honduras,HND,2020.0,2307.61,10119640.0,23352182460.4
Honduras,HND,2021.0,2735.15,10289877.0,28144357076.55
Honduras,HND,2022.0,3003.29,10463872.0,31426042138.88
Honduras,HND,2023.0,3227.46,10644851.0,34355830808.46
Hungary,HUN,2013.0,13739.46,9872734.0,135646033883.63998
Hungary,HUN,2014.0,14352.5,9833038.0,141128677895.0
Hungary,HUN,2015.0,12782.94,9797755.0,125244114299.70001
Hungary,HUN,2016.0,13215.86,9759755.0,128983555714.3
Hungary,HUN,2017.0,14736.17,9726756.0,143335129964.52
Hungary,HUN,2018.0,16605.06,9706964.0,161184719637.84003
Hungary,HUN,2019.0,17012.86,9694824.0,164936683436.64
Hungary,HUN,2020.0,16386.93,9670419.0,158468479223.67
Hungary,HUN,2021.0,19030.63,9630932.0,183282703447.16
Hungary,HUN,2022.0,18428.03,9605074.0,177002591824.22
Hungary,HUN,2023.0,22208.65,9592186.0,213029501608.90002
Iceland,ISL,2013.0,50173.34,323764.0,16244321251.759998
Iceland,ISL,2014.0,55140.36,327386.0,18052181898.96
Iceland,ISL,2015.0,53505.7,330815.0,17700488145.5
Iceland,ISL,2016.0,62854.09,335439.0,21083713095.51
Iceland,ISL,2017.0,72976.37,343400.0,25060085458.0
Iceland,ISL,2018.0,75633.87,352721.0,26677654260.269997
Iceland,ISL,2019.0,69296.31,360563.0,24985685422.53
Iceland,ISL,2020.0,60127.94,366463.0,22034665276.22
Iceland,ISL,2021.0,70425.41,372520.0,26234873733.2
Iceland,ISL,2022.0,76376.96,382003.0,29176227850.88
Iceland,ISL,2023.0,82201.29,385663.0,31701996105.269997
India,IND,2013.0,1432.84,1295829511.0,1856716356541.24
India,IND,2014.0,1553.88,1312277191.0,2039121281551.08
India,IND,2015.0,1583.99,1328024498.0,2103577524587.02
India,IND,2016.0,1707.51,1343944296.0,2294798324862.96
India,IND,2017.0,1950.1,1359657400.0,2651467895740.0
India,IND,2018.0,1966.25,1374659064.0,2702923384590.0
India,IND,2019.0,2041.43,1389030312.0,2835608149826.16
India,IND,2020.0,1907.04,1402617695.0,2674848049072.8
India,IND,2021.0,2239.61,1414203896.0,3167265187520.56
India,IND,2022.0,2279.98,1425423212.0,3249936414895.7603
India,IND,2023.0,2434.45,1438069596.0,3500908527982.1997
Indonesia,IDN,2013.0,3566.6,255852467.0,912523408802.2
Indonesia,IDN,2014.0,3441.07,258877399.0,890815251376.93
Indonesia,IDN,2015.0,3288.22,261799249.0,860853526546.7799
Indonesia,IDN,2016.0,3521.47,264627418.0,931877513664.46
Indonesia,IDN,2017.0,3798.88,267346658.0,1015617872143.04
Indonesia,IDN,2018.0,3860.95,269951846.0,1042270579813.7
Indonesia,IDN,2019.0,4106.95,272489381.0,1119100263297.95
Indonesia,IDN,2020.0,3853.7,274814866.0,1059054049104.2
Indonesia,IDN,2021.0,4287.17,276758053.0,1186508822080.01
Indonesia,IDN,2022.0,4730.83,278830529.0,1319099831509.07
Indonesia,IDN,2023.0,4876.3,281190067.0,1371167123712.1
Iran (Islamic Republic of),IRN,2013.0,6222.74,80414686.0,500399683159.63995
Iran (Islamic Republic of),IRN,2014.0,5672.06,81502045.0,462284489362.7
Iran (Islamic Republic of),IRN,2015.0,4952.73,82619362.0,409191392758.25995
Iran (Islamic Republic of),IRN,2016.0,5710.6,83812228.0,478618109216.80005
Iran (Islamic Republic of),IRN,2017.0,6000.93,85026754.0,510239598881.22003
Iran (Islamic Republic of),IRN,2018.0,4783.01,86117998.0,411903245613.98004
Iran (Islamic Republic of),IRN,2019.0,3997.49,87051648.0,347988092363.51996
Iran (Islamic Republic of),IRN,2020.0,3202.5,87723443.0,280934326207.5
Iran (Islamic Republic of),IRN,2021.0,4605.15,88455488.0,407350790563.19995
Iran (Islamic Republic of),IRN,2022.0,4721.2,89524246.0,422661870215.2
Iran (Islamic Republic of),IRN,2023.0,5049.3,90608707.0,457510544255.10004
Iraq,IRQ,2013.0,6650.35,35281989.0,234637575546.15002
Iraq,IRQ,2014.0,6249.39,36550059.0,228415573214.01
Iraq,IRQ,2015.0,4440.14,37560535.0,166774033874.90002
Iraq,IRQ,2016.0,4334.42,38469627.0,166743520661.34
Iraq,IRQ,2017.0,4759.28,39337353.0,187217477385.84
Iraq,IRQ,2018.0,5646.69,40265624.0,227367496384.56
Iraq,IRQ,2019.0,5671.86,41192171.0,233636227008.06
Iraq,IRQ,2020.0,4295.19,42116605.0,180898820629.94998
Iraq,IRQ,2021.0,4868.49,43071211.0,209691760041.38998
Iraq,IRQ,2022.0,6520.73,44070551.0,287372164022.23
Iraq,IRQ,2023.0,5965.32,45074049.0,268881125980.68
Ireland,IRL,2013.0,52537.61,4623816.0,242924241719.76
Ireland,IRL,2014.0,57214.54,4657740.0,266490451539.6
Ireland,IRL,2015.0,64250.14,4701957.0,302101395523.98
Ireland,IRL,2016.0,64129.56,4762722.0,305431266262.32
Ireland,IRL,2017.0,72161.4,4827445.0,348355189623.0
Ireland,IRL,2018.0,80804.11,4898022.0,395780308470.42
Ireland,IRL,2019.0,81827.67,4976456.0,407211799337.52
Ireland,IRL,2020.0,86514.07,5039747.0,436009024740.29004
Ireland,IRL,2021.0,103783.45,5110585.0,530394142818.25
Ireland,IRL,2022.0,105190.69,5212836.0,548341815696.84
Ireland,IRL,2023.0,106818.92,5311538.0,567372752698.96
Israel,ISR,2013.0,36980.62,8059500.0,298045306890.0
Israel,ISR,2014.0,38265.37,8215700.0,314376800309.0
Israel,ISR,2015.0,36138.14,8380100.0,302841227014.0
Israel,ISR,2016.0,37571.26,8546000.0,321083987960.0
Israel,ISR,2017.0,41013.26,8713300.0,357360838358.0
Israel,ISR,2018.0,42269.38,8882800.0,375470448664.0
Israel,ISR,2019.0,44091.87,9054000.0,399207790980.0
Israel,ISR,2020.0,44590.82,9215100.0,410908865382.0
Israel,ISR,2021.0,52258.47,9371400.0,489735025758.0
Israel,ISR,2022.0,54947.21,9557500.0,525157959575.0
Israel,ISR,2023.0,52126.45,9849000.0,513393406050.0
Italy,ITA,2013.0,35701.67,60311613.0,2153225304493.71
Italy,ITA,2014.0,36028.35,60320707.0,2173255544043.45
Italy,ITA,2015.0,30639.88,60229605.0,1845427869647.4001
Italy,ITA,2016.0,31391.57,60115223.0,1887111230870.1099
Italy,ITA,2017.0,32844.12,60002252.0,1970721164958.2402
Italy,ITA,2018.0,35062.34,59877221.0,2099435480957.14
Italy,ITA,2019.0,33812.79,59729081.0,2019606872745.99
Italy,ITA,2020.0,32091.49,59438851.0,1907481292477.99
Italy,ITA,2021.0,36852.54,59133173.0,2179207623309.4202
Italy,ITA,2022.0,35653.9,59013667.0,2104067381851.3
Italy,ITA,2023.0,39279.7,58984216.0,2316882309215.1997
Jamaica,JAM,2013.0,5124.21,2783687.0,14264196762.27
Jamaica,JAM,2014.0,4975.11,2793749.0,13899208587.39
Jamaica,JAM,2015.0,5339.31,2802534.0,14963597811.54
Jamaica,JAM,2016.0,5302.3,2809915.0,14899012304.5
Jamaica,JAM,2017.0,5605.44,2815764.0,15783596156.159998
Jamaica,JAM,2018.0,5976.9,2820097.0,16855437759.3
Jamaica,JAM,2019.0,6030.69,2823271.0,17026272186.99
Jamaica,JAM,2020.0,5299.05,2830739.0,15000227497.95
Jamaica,JAM,2021.0,5625.68,2837682.0,15963890873.76
Jamaica,JAM,2022.0,6626.48,2839144.0,18813530933.12
Jamaica,JAM,2023.0,7542.4,2839786.0,21418801926.399998
Japan,JPN,2013.0,41369.19,127445000.0,5272296419550.0
Japan,JPN,2014.0,39172.85,127276000.0,4985763656600.0
Japan,JPN,2015.0,35664.64,127141000.0,4534437994240.0
Japan,JPN,2016.0,40214.97,127076000.0,5110357527720.0
Japan,JPN,2017.0,39679.86,126972000.0,5038231183920.0
Japan,JPN,2018.0,40645.48,126811000.0,5154293964280.0
Japan,JPN,2019.0,41424.87,126633000.0,5245755562710.0
Japan,JPN,2020.0,41098.97,126261000.0,5189197051170.0
Japan,JPN,2021.0,41580.74,125681593.0,5225933641318.819
Japan,JPN,2022.0,35548.26,125124989.0,4447975641469.141
Japan,JPN,2023.0,35215.0,124516650.0,4384853829750.0
Jordan,JOR,2013.0,4739.02,7991809.0,37873342687.18
Jordan,JOR,2014.0,4610.6,8791710.0,40535058126.0
Jordan,JOR,2015.0,4441.62,9544729.0,42394059220.979996
Jordan,JOR,2016.0,4366.07,10006367.0,43688498767.689995
Jordan,JOR,2017.0,4449.35,10234226.0,45535653453.100006
Jordan,JOR,2018.0,4533.98,10462306.0,47435886157.88
Jordan,JOR,2019.0,4557.79,10671891.0,48640238080.89
Jordan,JOR,2020.0,4411.48,10865228.0,47931736017.439995
Jordan,JOR,2021.0,4581.72,11066356.0,50702944612.32
Jordan,JOR,2022.0,4754.41,11256263.0,53516889369.83
Jordan,JOR,2023.0,4906.24,11439213.0,56123524389.119995
Kazakhstan,KAZ,2013.0,13478.46,17556502.0,236634609946.91998
Kazakhstan,KAZ,2014.0,12427.71,17816285.0,221415623257.34998
Kazakhstan,KAZ,2015.0,10196.12,18084169.0,184388357224.28003
Kazakhstan,KAZ,2016.0,7475.57,18363600.0,137278377252.0
Kazakhstan,KAZ,2017.0,8943.08,18651931.0,166805711087.48
Kazakhstan,KAZ,2018.0,9472.49,18932727.0,179340067180.23
Kazakhstan,KAZ,2019.0,9457.13,19209555.0,181667258877.15
Kazakhstan,KAZ,2020.0,8781.51,19482117.0,171082405256.67
Kazakhstan,KAZ,2021.0,9983.6,19743603.0,197112234910.80002
Kazakhstan,KAZ,2022.0,11255.34,20034609.0,225496336062.06
Kazakhstan,KAZ,2023.0,12879.43,20330104.0,261840151360.72
Kenya,KEN,2013.0,1370.88,44986791.0,61671492046.08
Kenya,KEN,2014.0,1482.82,46051440.0,68285996260.799995
Kenya,KEN,2015.0,1489.12,47088526.0,70120465837.12
Kenya,KEN,2016.0,1554.13,48139687.0,74815331757.31001
Kenya,KEN,2017.0,1667.48,49197766.0,82036290849.68001
Kenya,KEN,2018.0,1836.45,50207107.0,92202841650.15001
Kenya,KEN,2019.0,1960.41,51202827.0,100378534079.07
Kenya,KEN,2020.0,1927.66,52217334.0,100657266058.44
Kenya,KEN,2021.0,2061.36,53219166.0,109703860025.76001
Kenya,KEN,2022.0,2109.56,54252461.0,114448821627.16
Kenya,KEN,2023.0,1942.59,55339003.0,107500993837.76999
Kiribati,KIR,2013.0,1772.09,113838.0,201731181.42
Kiribati,KIR,2014.0,1736.71,115326.0,200287817.46
Kiribati,KIR,2015.0,1639.85,116815.0,191559077.75
Kiribati,KIR,2016.0,1742.67,118478.0,206468056.26000002
Kiribati,KIR,2017.0,1854.33,120275.0,223029540.75
Kiribati,KIR,2018.0,1915.56,122084.0,233859227.04
Kiribati,KIR,2019.0,1750.24,123921.0,216891491.04
Kiribati,KIR,2020.0,1751.87,126099.0,220909055.13
Kiribati,KIR,2021.0,2223.54,128377.0,285451394.58
Kiribati,KIR,2022.0,2078.76,130469.0,271213738.44000006
Kiribati,KIR,2023.0,2200.69,132530.0,291657445.7
Kuwait,KWT,2013.0,49651.04,3507844.0,174168102757.76
Kuwait,KWT,2014.0,44368.78,3665876.0,162650445751.28
Kuwait,KWT,2015.0,29882.21,3834574.0,114585545528.54
Kuwait,KWT,2016.0,27323.69,4004096.0,109406677834.23999
Kuwait,KWT,2017.0,29047.65,4154812.0,120687524791.8
Kuwait,KWT,2018.0,32067.96,4323515.0,138646306079.4
Kuwait,KWT,2019.0,31707.87,4442316.0,140856378226.91998
Kuwait,KWT,2020.0,25236.08,4400267.0,111045490033.36
Kuwait,KWT,2021.0,34018.63,4360865.0,148350652914.94998
Kuwait,KWT,2022.0,39981.77,4589643.0,183502050808.11
Kuwait,KWT,2023.0,34091.97,4853420.0,165462649037.4
Kyrgyzstan,KGZ,2013.0,1269.66,5777150.0,7335016269.0
Kyrgyzstan,KGZ,2014.0,1264.53,5905848.0,7468121971.44
Kyrgyzstan,KGZ,2015.0,1105.65,6040036.0,6678165803.400001
Kyrgyzstan,KGZ,2016.0,1103.27,6175338.0,6813065155.26
Kyrgyzstan,KGZ,2017.0,1221.39,6306696.0,7702935427.440001
Kyrgyzstan,KGZ,2018.0,1283.52,6444079.0,8271104278.08
Kyrgyzstan,KGZ,2019.0,1421.99,6590211.0,9371214139.89
Kyrgyzstan,KGZ,2020.0,1229.52,6726596.0,8270484313.92
Kyrgyzstan,KGZ,2021.0,1350.0,6851224.0,9249152400.0
Kyrgyzstan,KGZ,2022.0,1739.72,6975220.0,12134929738.4
Kyrgyzstan,KGZ,2023.0,2138.22,7099750.0,15180827444.999998
Lao People's Democratic Republic,LAO,2013.0,1812.52,6611385.0,11983267540.2
Lao People's Democratic Republic,LAO,2014.0,1981.04,6703172.0,13279251858.88
Lao People's Democratic Republic,LAO,2015.0,2121.01,6801645.0,14426357061.45
Lao People's Democratic Republic,LAO,2016.0,2303.22,6908802.0,15912490942.439999
Lao People's Democratic Republic,LAO,2017.0,2432.43,7018147.0,17071151307.21
Lao People's Democratic Republic,LAO,2018.0,2545.11,7128045.0,18141658609.95
Lao People's Democratic Republic,LAO,2019.0,2589.32,7237636.0,18740555647.52
Lao People's Democratic Republic,LAO,2020.0,2583.78,7346533.0,18981825034.74
Lao People's Democratic Republic,LAO,2021.0,2526.05,7453194.0,18827140703.7
Lao People's Democratic Republic,LAO,2022.0,2046.4,7559007.0,15468751924.800001
Lao People's Democratic Republic,LAO,2023.0,2066.95,7664993.0,15843157281.349998
Latvia,LVA,2013.0,14484.47,2012647.0,29152125092.09
Latvia,LVA,2014.0,15185.81,1993782.0,30277194633.42
Latvia,LVA,2015.0,13321.98,1977527.0,26344575143.46
Latvia,LVA,2016.0,13838.53,1959537.0,27117111560.61
Latvia,LVA,2017.0,15132.5,1942248.0,29391067860.0
Latvia,LVA,2018.0,17252.17,1927174.0,33247933467.579998
Latvia,LVA,2019.0,17294.98,1913822.0,33099513213.559998
Latvia,LVA,2020.0,17564.23,1900449.0,33379923339.27
Latvia,LVA,2021.0,20261.89,1884490.0,38183329086.1
Latvia,LVA,2022.0,20221.1,1879383.0,38003191581.299995
Latvia,LVA,2023.0,22710.26,1883710.0,42779543864.6
Lebanon,LBN,2013.0,8162.38,5743436.0,46880107137.68
Lebanon,LBN,2014.0,7577.64,6346990.0,48095205303.6
Lebanon,LBN,2015.0,7714.11,6472469.0,49929337837.59
Lebanon,LBN,2016.0,8089.01,6323060.0,51147295570.6
Lebanon,LBN,2017.0,8608.21,6160128.0,53027675450.88
Lebanon,LBN,2018.0,9174.54,5984119.0,54901539130.26
Lebanon,LBN,2019.0,8905.88,5794594.0,51605958812.71999
Lebanon,LBN,2020.0,5561.19,5702398.0,31712118733.62
Lebanon,LBN,2021.0,4045.37,5718122.0,23131919195.14
Lebanon,LBN,2022.0,3654.36,5744489.0,20992430822.04
Lebanon,LBN,2023.0,3477.72,5773493.0,20078592075.96
Lesotho,LSO,2013.0,1151.04,2056504.0,2367118364.16
Lesotho,LSO,2014.0,1173.54,2080089.0,2441067645.06
Lesotho,LSO,2015.0,1121.2,2104611.0,2359689853.2000003
Lesotho,LSO,2016.0,992.49,2130422.0,2114422530.78
Lesotho,LSO,2017.0,1069.37,2157110.0,2306748720.7
Lesotho,LSO,2018.0,1170.66,2183603.0,2556256687.98
Lesotho,LSO,2019.0,1082.06,2209405.0,2390708774.2999997
Lesotho,LSO,2020.0,918.58,2235727.0,2053694107.66
Lesotho,LSO,2021.0,1066.59,2261542.0,2412138081.7799997
Lesotho,LSO,2022.0,1030.13,2286110.0,2354990494.3
Lesotho,LSO,2023.0,921.44,2311472.0,2129882759.68
Liberia,LBR,2013.0,710.74,4470239.0,3177177666.86
Liberia,LBR,2014.0,706.71,4564293.0,3225631506.03
Liberia,LBR,2015.0,692.59,4659431.0,3227075316.29
Liberia,LBR,2016.0,714.61,4755608.0,3398405032.88
Liberia,LBR,2017.0,699.27,4848925.0,3390707784.75
Liberia,LBR,2018.0,692.2,4944726.0,3422739337.2000003
Liberia,LBR,2019.0,658.16,5043721.0,3319575413.3599997
Liberia,LBR,2020.0,616.79,5149463.0,3176137283.77
Liberia,LBR,2021.0,667.97,5259323.0,3513069984.31
Liberia,LBR,2022.0,744.62,5373294.0,4001062178.28
Liberia,LBR,2023.0,799.19,5493031.0,4389975444.89
Libya,LBY,2013.0,11951.71,6304628.0,75351085513.87999
Libya,LBY,2014.0,8926.42,6427252.0,57372350797.840004
Libya,LBY,2015.0,7458.49,6531819.0,48717506693.31
Libya,LBY,2016.0,7525.8,6632126.0,49912053850.8
Libya,LBY,2017.0,9965.83,6738770.0,67157436229.1
Libya,LBY,2018.0,11196.59,6849055.0,76686060722.45
Libya,LBY,2019.0,9963.19,6951033.0,69254462475.27
Libya,LBY,2020.0,6650.34,7045399.0,46854298785.66
Libya,LBY,2021.0,4935.83,7135175.0,35218010820.25
Libya,LBY,2022.0,5986.64,7223805.0,43246319965.200005
Libya,LBY,2023.0,6026.52,7305659.0,44027700076.68
Lithuania,LTU,2013.0,15636.53,2961250.0,46303674462.5
Lithuania,LTU,2014.0,16446.16,2937253.0,48306532798.48
Lithuania,LTU,2015.0,14269.8,2911109.0,41540943208.2
Lithuania,LTU,2016.0,14934.27,2877325.0,42970748427.75
Lithuania,LTU,2017.0,16800.15,2842639.0,47756761595.850006
Lithuania,LTU,2018.0,19247.23,2819200.0,54261790816.0
Lithuania,LTU,2019.0,19608.79,2811089.0,55122053872.310005
Lithuania,LTU,2020.0,20428.65,2810369.0,57412044671.850006
Lithuania,LTU,2021.0,23882.87,2808380.0,67072174450.6
Lithuania,LTU,2022.0,24946.57,2831639.0,70639680528.23
Lithuania,LTU,2023.0,27983.37,2871585.0,80356625541.45
Luxembourg,LUX,2013.0,120000.14,543360.0,65203276070.4
Luxembourg,LUX,2014.0,123678.71,556319.0,68804816268.49
Luxembourg,LUX,2015.0,105462.01,569604.0,60071582744.03999
Luxembourg,LUX,2016.0,106899.29,582014.0,62216883370.06
Luxembourg,LUX,2017.0,110193.21,596336.0,65712178078.560005
Luxembourg,LUX,2018.0,116926.76,607950.0,71085623742.0
Luxembourg,LUX,2019.0,112696.65,620001.0,69872035696.65
Luxembourg,LUX,2020.0,116860.03,630419.0,73670783252.56999
Luxembourg,LUX,2021.0,134965.82,640064.0,86386762612.48001
Luxembourg,LUX,2022.0,123719.66,653103.0,80801681104.98
Luxembourg,LUX,2023.0,133230.62,666430.0,88788882086.59999
Madagascar,MDG,2013.0,515.3,24109290.0,12423517136.999998
Madagascar,MDG,2014.0,505.68,24764348.0,12522835496.64
Madagascar,MDG,2015.0,445.32,25426702.0,11323018934.64
Madagascar,MDG,2016.0,453.97,26099952.0,11848595209.44
Madagascar,MDG,2017.0,491.87,26788375.0,13176398011.25
Madagascar,MDG,2018.0,500.46,27494926.0,13760110665.96
Madagascar,MDG,2019.0,499.82,28219554.0,14104697480.28
Madagascar,MDG,2020.0,450.77,28953556.0,13051394438.119999
Madagascar,MDG,2021.0,483.47,29691083.0,14354747898.01
Madagascar,MDG,2022.0,504.06,30437261.0,15342205779.66
Madagascar,MDG,2023.0,514.06,31195932.0,16036580803.919998
Malawi,MWI,2013.0,496.95,16161816.0,8031614461.2
Malawi,MWI,2014.0,529.51,16621538.0,8801270586.38
Malawi,MWI,2015.0,539.61,17085587.0,9219553601.07
Malawi,MWI,2016.0,450.51,17557739.0,7909936996.889999
Malawi,MWI,2017.0,495.77,18039715.0,8943549505.55
Malawi,MWI,2018.0,533.2,18528081.0,9879172789.2
Malawi,MWI,2019.0,580.89,19025752.0,11051869079.28
Malawi,MWI,2020.0,602.51,19533888.0,11769362858.88
Malawi,MWI,2021.0,617.45,20047258.0,12378179452.1
Malawi,MWI,2022.0,604.27,20568728.0,12429065268.56
Malawi,MWI,2023.0,633.21,21104482.0,13363569047.220001
Malaysia,MYS,2013.0,10713.64,30174265.0,323276212474.6
Malaysia,MYS,2014.0,11013.31,30696137.0,338066072583.47
Malaysia,MYS,2015.0,9648.68,31232798.0,301355273406.64
Malaysia,MYS,2016.0,9476.53,31789685.0,301255903593.05005
Malaysia,MYS,2017.0,9862.55,32355644.0,319109156732.19995
Malaysia,MYS,2018.0,10901.8,32910967.0,358788780040.6
Malaysia,MYS,2019.0,10920.19,33440596.0,365177662033.24
Malaysia,MYS,2020.0,9957.53,33889558.0,337456290471.74005
Malaysia,MYS,2021.0,10903.1,34282399.0,373784424536.9
Malaysia,MYS,2022.0,11754.57,34695493.0,407830601153.01
Malaysia,MYS,2023.0,11386.04,35126298.0,399949434079.92004
Maldives,MDV,2013.0,8236.08,400070.0,3295008525.6
Maldives,MDV,2014.0,8939.07,413617.0,3697351316.19
Maldives,MDV,2015.0,9644.91,428154.0,4129506796.14
Maldives,MDV,2016.0,9947.81,443308.0,4409943755.48
Maldives,MDV,2017.0,10509.63,458287.0,4816426803.809999
Maldives,MDV,2018.0,11423.28,473099.0,5404342344.72
Maldives,MDV,2019.0,11740.27,487731.0,5726093627.37
Maldives,MDV,2020.0,7393.89,502118.0,3712605259.02
Maldives,MDV,2021.0,10176.14,516154.0,5252455365.559999
Maldives,MDV,2022.0,11786.02,524106.0,6177123798.12
Maldives,MDV,2023.0,12587.61,525994.0,6621007334.34
Mali,MLI,2013.0,901.92,17459615.0,15747175960.8
Mali,MLI,2014.0,947.92,18020267.0,17081771494.64
Mali,MLI,2015.0,838.12,18593022.0,15583183598.64
Mali,MLI,2016.0,872.47,19191289.0,16743823913.83
Mali,MLI,2017.0,924.06,19813011.0,18308410944.66
Mali,MLI,2018.0,996.38,20442030.0,20368029851.4
Mali,MLI,2019.0,971.95,21068405.0,20477436239.75
Mali,MLI,2020.0,953.24,21713836.0,20698497028.64
Mali,MLI,2021.0,1027.27,22388630.0,22999167940.1
Mali,MLI,2022.0,976.91,23072640.0,22539892742.399998
Mali,MLI,2023.0,1042.44,23769127.0,24777888749.88
Malta,MLT,2013.0,25415.55,424810.0,10796779795.5
Malta,MLT,2014.0,27424.57,433481.0,11888030028.17
Malta,MLT,2015.0,25529.67,444220.0,11340790007.4
Malta,MLT,2016.0,26459.06,454505.0,12025775065.300001
Malta,MLT,2017.0,30317.26,467106.0,14161374049.56
Malta,MLT,2018.0,33382.28,483903.0,16153785438.84
Malta,MLT,2019.0,32421.91,503912.0,16337789511.92
Malta,MLT,2020.0,31823.42,515490.0,16404654775.8
Malta,MLT,2021.0,38078.01,518150.0,19730120881.5
Malta,MLT,2022.0,35658.83,531113.0,18938868177.79
Malta,MLT,2023.0,40932.52,552747.0,22625327632.44
Marshall Islands,MHL,2013.0,3677.91,50681.0,186400156.70999998
Marshall Islands,MHL,2014.0,3735.24,49796.0,186000011.04
Marshall Islands,MHL,2015.0,3764.34,48800.0,183699792.0
Marshall Islands,MHL,2016.0,4229.81,47709.0,201800005.29000002
Marshall Islands,MHL,2017.0,4592.83,46529.0,213699787.07
Marshall Islands,MHL,2018.0,4858.12,45285.0,219999964.2
Marshall Islands,MHL,2019.0,5292.34,44007.0,232900006.38
Marshall Islands,MHL,2020.0,5661.97,42706.0,241800090.82000002
Marshall Islands,MHL,2021.0,6315.31,41367.0,261245428.77
Marshall Islands,MHL,2022.0,6455.66,40077.0,258723485.82
Marshall Islands,MHL,2023.0,6799.39,38827.0,263999915.53
Mauritania,MRT,2013.0,1936.27,3734318.0,7230647913.86
Mauritania,MRT,2014.0,1718.97,3848514.0,6615480110.58
Mauritania,MRT,2015.0,1558.84,3965959.0,6182295527.559999
Mauritania,MRT,2016.0,1568.01,4086657.0,6407919042.57
Mauritania,MRT,2017.0,1617.93,4210600.0,6812456058.0
Mauritania,MRT,2018.0,1723.38,4337685.0,7475479575.3
Mauritania,MRT,2019.0,1767.07,4467708.0,7894752775.559999
Mauritania,MRT,2020.0,1795.72,4600131.0,8260547239.32
Mauritania,MRT,2021.0,1947.47,4734874.0,9221025068.78
Mauritania,MRT,2022.0,1961.28,4875637.0,9562489335.36
Mauritania,MRT,2023.0,2127.96,5022441.0,10687553550.36
Mauritius,MUS,2013.0,9877.14,1258927.0,12434598228.779999
Mauritius,MUS,2014.0,10490.33,1261208.0,13230488118.64
Mauritius,MUS,2015.0,9630.54,1262879.0,12162206724.660002
Mauritius,MUS,2016.0,10095.12,1263747.0,12757677614.640001
Mauritius,MUS,2017.0,10986.7,1264887.0,13896934002.900002
Mauritius,MUS,2018.0,11818.75,1265577.0,14957538168.75
Mauritius,MUS,2019.0,11568.25,1265985.0,14645230976.25
Mauritius,MUS,2020.0,9135.85,1266014.0,11566114001.9
Mauritius,MUS,2021.0,9177.71,1266334.0,11622046215.14
Mauritius,MUS,2022.0,10246.5,1262523.0,12936441919.5
Mauritius,MUS,2023.0,11269.97,1248647.0,14072214230.589998
Mexico,MEX,2013.0,11216.8,118343573.0,1327436189626.4
Mexico,MEX,2014.0,11391.38,119784261.0,1364508035070.18
Mexico,MEX,2015.0,10021.24,121072306.0,1213294635779.44
Mexico,MEX,2016.0,9097.92,122251351.0,1112233011289.92
Mexico,MEX,2017.0,9649.28,123400057.0,1190721702008.96
Mexico,MEX,2018.0,10084.79,124573711.0,1256299714955.6902
Mexico,MEX,2019.0,10369.56,125762982.0,1304106787627.92
Mexico,MEX,2020.0,8841.27,126799054.0,1121064672158.58
Mexico,MEX,2021.0,10314.05,127648148.0,1316569380879.4
Mexico,MEX,2022.0,11405.79,128613117.0,1466934203747.4302
Mexico,MEX,2023.0,13830.84,129739759.0,1794409848367.56
Micronesia (Federated States of),FSM,2013.0,2904.15,108121.0,313999602.15000004
Micronesia (Federated States of),FSM,2014.0,2915.24,108396.0,316000355.03999996
Micronesia (Federated States of),FSM,2015.0,2869.86,108716.0,311999699.76
Micronesia (Federated States of),FSM,2016.0,2997.94,109075.0,327000305.5
Micronesia (Federated States of),FSM,2017.0,3297.38,109481.0,361000459.78000003
Micronesia (Federated States of),FSM,2018.0,3584.78,109909.0,393999585.02000004
Micronesia (Federated States of),FSM,2019.0,3581.73,110282.0,395000347.86
Micronesia (Federated States of),FSM,2020.0,3362.03,110916.0,372902919.48
Micronesia (Federated States of),FSM,2021.0,3508.22,111624.0,391601549.28
Micronesia (Federated States of),FSM,2022.0,3703.67,112114.0,415233258.38
Micronesia (Federated States of),FSM,2023.0,3933.02,112630.0,442976042.6
Monaco,MCO,2013.0,184940.63,35447.0,6555590511.610001
Monaco,MCO,2014.0,195693.52,36128.0,7070015490.559999
Monaco,MCO,2015.0,170437.02,36757.0,6264753544.139999
Monaco,MCO,2016.0,173604.67,37276.0,6471287678.92
Monaco,MCO,2017.0,170663.47,37678.0,6430258222.66
Monaco,MCO,2018.0,188298.39,38154.0,7184336772.06
Monaco,MCO,2019.0,193746.73,38109.0,7383494133.570001
Monaco,MCO,2020.0,176891.81,38050.0,6730733370.5
Monaco,MCO,2021.0,223823.33,38527.0,8623241434.91
Monaco,MCO,2022.0,226052.06,38931.0,8800432747.86
Monaco,MCO,2023.0,256799.91,38956.0,10003897293.960001
Mongolia,MNG,2013.0,4340.14,2899011.0,12582113601.54
Mongolia,MNG,2014.0,4126.24,2963113.0,12226515385.119999
Mongolia,MNG,2015.0,3838.92,3026864.0,11619888746.880001
Mongolia,MNG,2016.0,3619.9,3088856.0,11181349834.4
Mongolia,MNG,2017.0,3645.97,3148917.0,11480856914.49
Mongolia,MNG,2018.0,4107.64,3208189.0,13178085463.960001
Mongolia,MNG,2019.0,4347.55,3267673.0,14206371751.150002
Mongolia,MNG,2020.0,4001.25,3327204.0,13312975005.0
Mongolia,MNG,2021.0,4517.62,3383741.0,15286456016.42
Mongolia,MNG,2022.0,4993.51,3433748.0,17146454975.480001
Mongolia,MNG,2023.0,5838.63,3481145.0,20325117631.35
Montenegro,MNE,2013.0,7102.78,622587.0,4422098491.86
Montenegro,MNE,2014.0,7342.17,623744.0,4579634484.4800005
Montenegro,MNE,2015.0,6421.0,624651.0,4010884071.0
Montenegro,MNE,2016.0,6968.01,625353.0,4357465957.53
Montenegro,MNE,2017.0,7674.29,625982.0,4803967402.78
Montenegro,MNE,2018.0,8673.59,626438.0,5433466372.42
Montenegro,MNE,2019.0,8749.26,626753.0,5483624952.78
Montenegro,MNE,2020.0,7555.49,626590.0,4734194479.099999
Montenegro,MNE,2021.0,9315.86,625053.0,5822906240.58
Montenegro,MNE,2022.0,10038.18,623591.0,6259718704.38
Montenegro,MNE,2023.0,12258.16,623529.0,7643318246.64
Morocco,MAR,2013.0,3379.74,33787571.0,114193205211.54
Morocco,MAR,2014.0,3435.41,34204780.0,117507443259.79999
Morocco,MAR,2015.0,3146.25,34607588.0,108884123745.0
Morocco,MAR,2016.0,3140.86,35023457.0,110003775153.02
Morocco,MAR,2017.0,3296.53,35446392.0,116850094619.76001
Morocco,MAR,2018.0,3501.7,35839760.0,125500087592.0
Morocco,MAR,2019.0,3508.1,36210898.0,127031451273.8
Morocco,MAR,2020.0,3268.03,36584208.0,119558289270.24
Morocco,MAR,2021.0,3785.94,36954442.0,139907300145.48
Morocco,MAR,2022.0,3463.14,37329064.0,129275774700.95999
Morocco,MAR,2023.0,3813.73,37712505.0,143825311693.65
Mozambique,MOZ,2013.0,686.51,25051611.0,17198181467.61
Mozambique,MOZ,2014.0,697.14,25788475.0,17978177461.5
Mozambique,MOZ,2015.0,610.56,26547572.0,16208885560.319998
Mozambique,MOZ,2016.0,441.49,27337105.0,12069058486.45
Mozambique,MOZ,2017.0,470.94,28166393.0,13264681119.42
Mozambique,MOZ,2018.0,517.51,29018644.0,15017438456.44
Mozambique,MOZ,2019.0,519.09,29884380.0,15512682814.2
Mozambique,MOZ,2020.0,462.43,30783688.0,14235300841.84
Mozambique,MOZ,2021.0,509.91,31707800.0,16168124298.0
Mozambique,MOZ,2022.0,578.27,32656246.0,18884127374.42
Mozambique,MOZ,2023.0,622.19,33635160.0,20927460200.4
Myanmar,MMR,2013.0,1199.1,50262658.0,60269953207.799995
Myanmar,MMR,2014.0,1293.0,50681634.0,65531352762.0
Myanmar,MMR,2015.0,1166.73,51089056.0,59607134306.88
Myanmar,MMR,2016.0,1229.2,51495696.0,63298509523.200005
Myanmar,MMR,2017.0,1272.82,51894938.0,66052914985.159996
Myanmar,MMR,2018.0,1298.21,52272247.0,67860353777.87
Myanmar,MMR,2019.0,1425.99,52640713.0,75065130330.87
Myanmar,MMR,2020.0,1490.22,53016522.0,79006281414.84
Myanmar,MMR,2021.0,1242.72,53387102.0,66345219397.44
Myanmar,MMR,2022.0,1158.05,53756787.0,62253047185.35
Myanmar,MMR,2023.0,1233.2,54133798.0,66757799693.600006
Namibia,NAM,2013.0,5346.62,2252508.0,12043304322.96
Namibia,NAM,2014.0,5378.32,2312139.0,12435423426.48
Namibia,NAM,2015.0,4774.11,2374300.0,11335169373.0
Namibia,NAM,2016.0,4395.69,2439213.0,10722024191.97
Namibia,NAM,2017.0,5143.96,2506853.0,12895151557.88
Namibia,NAM,2018.0,5308.61,2577327.0,13682023885.47
Namibia,NAM,2019.0,4731.92,2650494.0,12541925568.48
Namibia,NAM,2020.0,3878.59,2728762.0,10583749005.58
Namibia,NAM,2021.0,4412.84,2810548.0,12402498636.32
Namibia,NAM,2022.0,4349.8,2889662.0,12569451767.6
Namibia,NAM,2023.0,4225.99,2963095.0,12522009839.05
Nauru,NRU,2013.0,8974.52,10517.0,94385026.84
Nauru,NRU,2014.0,9230.05,10742.0,99149197.1
Nauru,NRU,2015.0,7747.26,10954.0,84863486.04
Nauru,NRU,2016.0,8748.16,11150.0,97541984.0
Nauru,NRU,2017.0,9656.98,11324.0,109355641.52
Nauru,NRU,2018.0,11413.75,11477.0,130995608.75
Nauru,NRU,2019.0,10801.77,11587.0,125160108.99000001
Nauru,NRU,2020.0,10709.07,11643.0,124685702.00999999
Nauru,NRU,2021.0,12748.17,11709.0,149268322.53
Nauru,NRU,2022.0,15309.83,11801.0,180671303.83
Nauru,NRU,2023.0,13602.64,11875.0,161531350.0
Nepal,NPL,2013.0,803.27,27589996.0,22162216086.92
Nepal,NPL,2014.0,821.46,27672370.0,22731745060.2
Nepal,NPL,2015.0,875.54,27823629.0,24360700134.66
Nepal,NPL,2016.0,877.26,27955462.0,24524208594.12
Nepal,NPL,2017.0,1034.28,28011258.0,28971483924.239998
Nepal,NPL,2018.0,1179.2,28079689.0,33111569268.800003
Nepal,NPL,2019.0,1203.14,28414064.0,34186096960.960003
Nepal,NPL,2020.0,1154.22,28966574.0,33433799042.280003
Nepal,NPL,2021.0,1252.75,29475010.0,36924818777.5
Nepal,NPL,2022.0,1385.91,29715436.0,41182919906.76
Nepal,NPL,2023.0,1382.38,29694614.0,41049240501.32
Netherlands,NLD,2013.0,52602.29,16804432.0,883951605349.28
Netherlands,NLD,2014.0,53457.22,16865008.0,901556442957.76
Netherlands,NLD,2015.0,45793.81,16939923.0,775743615276.63
Netherlands,NLD,2016.0,46808.53,17030314.0,797163963778.4199
Netherlands,NLD,2017.0,49513.68,17131296.0,848233508129.28
Netherlands,NLD,2018.0,53955.08,17231624.0,929733651449.92
Netherlands,NLD,2019.0,53554.9,17344874.0,928902992582.6
Netherlands,NLD,2020.0,53467.93,17441500.0,932560901095.0
Netherlands,NLD,2021.0,60141.99,17533044.0,1054472156917.5599
Netherlands,NLD,2022.0,59123.32,17700982.0,1046540823100.24
Netherlands,NLD,2023.0,63515.6,17877117.0,1135475812525.2
New Zealand,NZL,2013.0,42984.96,4442100.0,190943490816.0
New Zealand,NZL,2014.0,44599.9,4516500.0,201435448350.0
New Zealand,NZL,2015.0,38648.73,4609400.0,178147456062.0
New Zealand,NZL,2016.0,40088.32,4714100.0,188980349312.0
New Zealand,NZL,2017.0,42912.15,4813600.0,206561925240.0
New Zealand,NZL,2018.0,43204.13,4900600.0,211726159478.0
New Zealand,NZL,2019.0,42872.27,4970300.0,213088043580.99997
New Zealand,NZL,2020.0,42054.67,5072400.0,213318108108.0
New Zealand,NZL,2021.0,49902.15,5084600.0,253732471890.0
New Zealand,NZL,2022.0,49141.63,5081700.0,249723021171.0
New Zealand,NZL,2023.0,49302.34,5200000.0,256372167999.99997
Nicaragua,NIC,2013.0,1835.44,5983845.0,10982988466.800001
Nicaragua,NIC,2014.0,1958.37,6066492.0,11880435938.039999
Nicaragua,NIC,2015.0,2074.46,6149417.0,12756719589.82
Nicaragua,NIC,2016.0,2131.69,6232666.0,13286111785.54
Nicaragua,NIC,2017.0,2182.61,6316231.0,13785868942.910002
Nicaragua,NIC,2018.0,2035.17,6400080.0,13025250813.6
Nicaragua,NIC,2019.0,1958.62,6483657.0,12699020273.34
Nicaragua,NIC,2020.0,1938.45,6565267.0,12726441816.15
Nicaragua,NIC,2021.0,2138.39,6644741.0,14209047706.99
Nicaragua,NIC,2022.0,2322.89,6730654.0,15634568870.06
Nicaragua,NIC,2023.0,2609.44,6823613.0,17805808706.72
Niger,NER,2013.0,552.1,18519898.0,10224835685.800001
Niger,NER,2014.0,565.31,19215909.0,10862945516.789999
Niger,NER,2015.0,485.66,19939498.0,9683816598.68
Niger,NER,2016.0,499.91,20685753.0,10341014782.230001
Niger,NER,2017.0,529.93,21435446.0,11359285898.779999
Niger,NER,2018.0,576.93,22188069.0,12800962648.169998
Niger,NER,2019.0,541.27,22947757.0,12420932431.39
Niger,NER,2020.0,575.45,23717613.0,13648300400.85
Niger,NER,2021.0,609.59,24502140.0,14936259522.6
Niger,NER,2022.0,613.61,25311973.0,15531679752.53
Niger,NER,2023.0,647.93,26159867.0,16949762625.31
Nigeria,NGA,2013.0,2872.79,181049443.0,520117029355.97
Nigeria,NGA,2014.0,3088.72,185896915.0,574183519298.7999
Nigeria,NGA,2015.0,2585.73,190671878.0,493025995100.94
Nigeria,NGA,2016.0,2070.41,195443700.0,404648590917.0
Nigeria,NGA,2017.0,1876.34,200254579.0,375745676760.86
Nigeria,NGA,2018.0,2057.88,204938755.0,421739365139.4
Nigeria,NGA,2019.0,3189.81,209485641.0,668219392518.21
Nigeria,NGA,2020.0,2797.18,213996181.0,598585837569.58
Nigeria,NGA,2021.0,2787.49,218529286.0,609148199432.1399
Nigeria,NGA,2022.0,2899.16,223150896.0,646950151647.36
Nigeria,NGA,2023.0,2138.76,227882945.0,487386927448.2001
North Macedonia,MKD,2013.0,5626.26,1922716.0,10817700122.16
North Macedonia,MKD,2014.0,5925.39,1917557.0,11362273072.230001
North Macedonia,MKD,2015.0,5262.69,1912430.0,10064526236.699999
North Macedonia,MKD,2016.0,5598.49,1906313.0,10672474267.369999
North Macedonia,MKD,2017.0,5955.3,1898657.0,11307072032.1
North Macedonia,MKD,2018.0,6713.99,1889051.0,12683069523.49
North Macedonia,MKD,2019.0,6718.86,1876262.0,12606341701.32
North Macedonia,MKD,2020.0,6659.6,1856124.0,12361043390.400002
North Macedonia,MKD,2021.0,7620.8,1837114.0,14000278371.2
North Macedonia,MKD,2022.0,7606.24,1831712.0,13932441082.88
North Macedonia,MKD,2023.0,8674.36,1827816.0,15855133997.76
Northern Mariana Islands,MNP,2013.0,14632.85,52758.0,771999900.3000001
Northern Mariana Islands,MNP,2014.0,15945.42,52178.0,832000124.76
Northern Mariana Islands,MNP,2015.0,17665.1,51514.0,909999961.4
Northern Mariana Islands,MNP,2016.0,24225.47,50773.0,1229999788.31
Northern Mariana Islands,MNP,2017.0,31225.6,49959.0,1559999750.3999999
Northern Mariana Islands,MNP,2018.0,26509.36,49077.0,1300999860.72
Northern Mariana Islands,MNP,2019.0,24496.67,48129.0,1179000230.4299998
Northern Mariana Islands,MNP,2020.0,18220.84,47528.0,866000083.52
Northern Mariana Islands,MNP,2021.0,19455.5,46979.0,913999934.5
Northern Mariana Islands,MNP,2022.0,23785.75,46078.0,1095999788.5
Northern Mariana Islands,MNP,2023.0,,45143.0,
Norway,NOR,2013.0,106333.14,5079623.0,540132263606.22
Norway,NOR,2014.0,100410.02,5137232.0,515829567864.64
Norway,NOR,2015.0,77220.95,5188607.0,400669161716.64996
Norway,NOR,2016.0,73222.4,5234519.0,383284044025.6
Norway,NOR,2017.0,78771.22,5276968.0,415673207260.96
Norway,NOR,2018.0,85579.08,5311916.0,454588884317.28
Norway,NOR,2019.0,79329.31,5347896.0,424244899631.76
Norway,NOR,2020.0,71057.59,5379475.0,382252528965.25
Norway,NOR,2021.0,96442.56,5408320.0,521592226099.2
Norway,NOR,2022.0,113122.13,5457127.0,617321829920.51
Norway,NOR,2023.0,90984.41,5519601.0,502197640420.41003
Oman,OMN,2013.0,23458.02,3833913.0,89936007832.26
Oman,OMN,2014.0,23160.65,4002439.0,92699088825.35
Oman,OMN,2015.0,18808.31,4184895.0,78710802477.45001
Oman,OMN,2016.0,17110.19,4390877.0,75128739736.62999
Oman,OMN,2017.0,17820.07,4537396.0,80856714337.72
Oman,OMN,2018.0,19901.76,4597877.0,91505844563.51999
Oman,OMN,2019.0,19180.19,4591241.0,88060874715.79
Oman,OMN,2020.0,16784.86,4522497.0,75909478995.42
Oman,OMN,2021.0,19403.46,4500424.0,87323797067.04
Oman,OMN,2022.0,23223.58,4730226.0,109852781929.08
Oman,OMN,2023.0,21027.74,5049269.0,106174715722.06001
Pakistan,PAK,2013.0,1225.43,211073978.0,258656384860.54
Pakistan,PAK,2014.0,1266.61,214264647.0,271389744536.66998
Pakistan,PAK,2015.0,1380.47,217290883.0,299963545255.01
Pakistan,PAK,2016.0,1424.69,220138869.0,313629645275.61
Pakistan,PAK,2017.0,1519.23,223273967.0,339204508885.41003
Pakistan,PAK,2018.0,1569.34,226928892.0,356128587371.27997
Pakistan,PAK,2019.0,1390.42,230800899.0,320910185987.58
Pakistan,PAK,2020.0,1278.4,235001746.0,300426232086.4
Pakistan,PAK,2021.0,1455.32,239477801.0,348516833351.32
Pakistan,PAK,2022.0,1538.32,243700667.0,374889610059.44
Pakistan,PAK,2023.0,1360.32,247504495.0,336685314638.39996
Palau,PLW,2013.0,12820.59,17648.0,226257772.32
Palau,PLW,2014.0,13854.73,17715.0,245436541.95
Palau,PLW,2015.0,15938.37,17770.0,283224834.90000004
Palau,PLW,2016.0,17043.67,17797.0,303326194.98999995
Palau,PLW,2017.0,16280.24,17812.0,289983634.88
Palau,PLW,2018.0,16179.88,17814.0,288228382.32
Palau,PLW,2019.0,15841.89,17798.0,281953958.21999997
Palau,PLW,2020.0,14556.31,17792.0,258985867.51999998
Palau,PLW,2021.0,13267.49,17783.0,235935774.67
Palau,PLW,2022.0,13934.95,17759.0,247470777.05
Palau,PLW,2023.0,15578.35,17727.0,276157410.45
Palestine,PSE,2013.0,3315.3,4076708.0,13515510032.400002
Palestine,PSE,2014.0,3352.11,4173398.0,13989689169.78
Palestine,PSE,2015.0,3272.15,4270092.0,13972381537.800001
Palestine,PSE,2016.0,3527.61,4367088.0,15405383299.68
Palestine,PSE,2017.0,3562.33,4454805.0,15869485495.65
Palestine,PSE,2018.0,3562.33,4569087.0,16276595692.71
Palestine,PSE,2019.0,3656.86,4685306.0,17133508099.16
Palestine,PSE,2020.0,3233.57,4803269.0,15531706540.33
Palestine,PSE,2021.0,3678.64,4922749.0,18109021381.36
Palestine,PSE,2022.0,3799.96,5043612.0,19165523855.52
Palestine,PSE,2023.0,3607.42,5165775.0,18635120050.5
Panama,PAN,2013.0,12273.32,3825329.0,46949486922.28
Panama,PAN,2014.0,13213.2,3892101.0,51427108933.200005
Panama,PAN,2015.0,14082.65,3960035.0,55767786892.75
Panama,PAN,2016.0,14832.36,4029086.0,59760854022.96
Panama,PAN,2017.0,15694.63,4098707.0,64327689843.409996
Panama,PAN,2018.0,16151.33,4167860.0,67316482253.8
Panama,PAN,2019.0,16477.91,4234700.0,69779005477.0
Panama,PAN,2020.0,13290.56,4293261.0,57059842916.159996
Panama,PAN,2021.0,15509.81,4345405.0,67396405923.049995
Panama,PAN,2022.0,17378.61,4400773.0,76479317665.53
Panama,PAN,2023.0,18797.19,4458759.0,83812140087.20999
Papua New Guinea,PNG,2013.0,2560.77,8302698.0,21261299957.46
Papua New Guinea,PNG,2014.0,2723.18,8523441.0,23210864062.379997
Papua New Guinea,PNG,2015.0,2484.6,8743246.0,21723469011.6
Papua New Guinea,PNG,2016.0,2316.39,8961718.0,20758833958.02
Papua New Guinea,PNG,2017.0,2477.77,9178714.0,22742742187.78
Papua New Guinea,PNG,2018.0,2566.37,9394513.0,24109796327.809998
Papua New Guinea,PNG,2019.0,2575.77,9609010.0,24750599687.7
Papua New Guinea,PNG,2020.0,2429.61,9815746.0,23848434639.06
Papua New Guinea,PNG,2021.0,2607.98,10012896.0,26113432510.08
Papua New Guinea,PNG,2022.0,3102.29,10203169.0,31653189157.01
Papua New Guinea,PNG,2023.0,2966.06,10389635.0,30816280788.1
Paraguay,PRY,2013.0,6435.68,5982445.0,38501101637.6
Paraguay,PRY,2014.0,6652.25,6069811.0,40377900224.75
Paraguay,PRY,2015.0,5879.34,6159103.0,36211460632.020004
Paraguay,PRY,2016.0,5775.16,6249126.0,36089702510.159996
Paraguay,PRY,2017.0,6152.27,6338660.0,38997147758.200005
Paraguay,PRY,2018.0,6258.45,6427382.0,40225448877.9
Paraguay,PRY,2019.0,5821.18,6515058.0,37925325328.44
Paraguay,PRY,2020.0,5365.47,6603739.0,35432163492.33
Paraguay,PRY,2021.0,5974.91,6684182.0,39937385873.62
Paraguay,PRY,2022.0,6189.1,6760464.0,41841187742.4
Paraguay,PRY,2023.0,6303.26,6844146.0,43140431715.96
Peru,PER,2013.0,6746.8,29817919.0,201175535909.2
Peru,PER,2014.0,6667.13,30115826.0,200786126999.38
Peru,PER,2015.0,6231.71,30457600.0,189802930496.0
Peru,PER,2016.0,6217.04,30866494.0,191898227857.76
Peru,PER,2017.0,6736.17,31324637.0,211008080020.29
Peru,PER,2018.0,6978.49,31897584.0,222596970968.16
Peru,PER,2019.0,7037.01,32449303.0,228346069704.03
Peru,PER,2020.0,6133.33,32838579.0,201409841738.07
Peru,PER,2021.0,6828.53,33155882.0,226405934913.46
Peru,PER,2022.0,7353.75,33475438.0,246170002192.5
Peru,PER,2023.0,7919.05,33845617.0,268025133303.85
Philippines,PHL,2013.0,2781.28,102076336.0,283902871790.08
Philippines,PHL,2014.0,2866.84,103767130.0,297483758969.2
Philippines,PHL,2015.0,2909.86,105312992.0,306446062901.12
Philippines,PHL,2016.0,2985.2,106735719.0,318627468358.8
Philippines,PHL,2017.0,3038.12,108119693.0,328480601697.16
Philippines,PHL,2018.0,3168.51,109465287.0,346841856512.37
Philippines,PHL,2019.0,3400.79,110804683.0,376823457899.57
Philippines,PHL,2020.0,3227.58,112081264.0,361751246061.12
Philippines,PHL,2021.0,3484.39,113100950.0,394087819170.5
Philippines,PHL,2022.0,3548.07,113964338.0,404353448727.66003
Philippines,PHL,2023.0,3804.08,114891199.0,437055312291.92
Poland,POL,2013.0,13621.9,38040196.0,518179745892.39996
Poland,POL,2014.0,14262.28,38011735.0,542134007855.80005
Poland,POL,2015.0,12637.52,37986412.0,480054041378.24
Poland,POL,2016.0,12464.01,37970087.0,473259544068.87
Poland,POL,2017.0,13913.34,37974826.0,528356665578.84
Poland,POL,2018.0,15658.21,37974750.0,594616610197.5
Poland,POL,2019.0,15874.52,37965475.0,602683692197.0
Poland,POL,2020.0,16150.93,37515748.0,605914219845.64
Poland,POL,2021.0,18635.51,36981559.0,689170212560.09
Poland,POL,2022.0,18891.21,36821749.0,695607392926.2899
Poland,POL,2023.0,22145.27,36687353.0,812451337770.31
Portugal,PRT,2013.0,21676.49,10457295.0,226677450494.55002
Portugal,PRT,2014.0,22120.69,10401062.0,230078668172.78
Portugal,PRT,2015.0,19215.78,10358076.0,199038509639.28
Portugal,PRT,2016.0,19980.28,10325452.0,206305422086.56
Portugal,PRT,2017.0,21442.38,10300300.0,220862946714.0
Portugal,PRT,2018.0,23541.14,10283822.0,242092893437.08
Portugal,PRT,2019.0,23343.36,10286263.0,240115940263.68
Portugal,PRT,2020.0,22299.4,10297081.0,229618728051.40002
Portugal,PRT,2021.0,24711.45,10361831.0,256055868664.95
Portugal,PRT,2022.0,24620.52,10434332.0,256898679692.64
Portugal,PRT,2023.0,27634.62,10578174.0,292323818783.88
Puerto Rico,PRI,2013.0,28212.05,3631427.0,102450000095.34999
Puerto Rico,PRI,2014.0,28576.1,3585017.0,102445804293.7
Puerto Rico,PRI,2015.0,29242.04,3535167.0,103375494820.68001
Puerto Rico,PRI,2016.0,29978.09,3480432.0,104336703734.88
Puerto Rico,PRI,2017.0,30328.48,3410837.0,103445501737.76
Puerto Rico,PRI,2018.0,30679.92,3290690.0,100958105944.79999
Puerto Rico,PRI,2019.0,31830.53,3302691.0,105126404956.23
Puerto Rico,PRI,2020.0,31427.1,3281591.0,103130888516.09999
Puerto Rico,PRI,2021.0,32618.87,3262731.0,106426598333.97
Puerto Rico,PRI,2022.0,35353.56,3220148.0,113843695526.87999
Puerto Rico,PRI,2023.0,36980.77,3203794.0,118478769041.37999
Qatar,QAT,2013.0,103697.01,1916426.0,198727646086.25998
Qatar,QAT,2014.0,95840.63,2151745.0,206224596399.35
Qatar,QAT,2015.0,68985.29,2344557.0,161739944566.53
Qatar,QAT,2016.0,61253.64,2477113.0,151732187941.32
Qatar,QAT,2017.0,63279.86,2545820.0,161099133185.2
Qatar,QAT,2018.0,71039.85,2580734.0,183334956249.90002
Qatar,QAT,2019.0,66841.3,2638657.0,176371264134.1
Qatar,QAT,2020.0,51683.51,2794148.0,144411376099.48
Qatar,QAT,2021.0,71751.88,2504910.0,179732001730.80002
Qatar,QAT,2022.0,88701.46,2657333.0,235709316806.18002
Qatar,QAT,2023.0,80195.87,2656032.0,213002796987.84
Republic of Korea,KOR,2013.0,28449.36,50428893.0,1434669731358.48
Republic of Korea,KOR,2014.0,30667.09,50746659.0,1556252358752.31
Republic of Korea,KOR,2015.0,30171.79,51014947.0,1539212267745.1301
Republic of Korea,KOR,2016.0,30832.06,51217803.0,1579150375164.1802
Republic of Korea,KOR,2017.0,33296.98,51361911.0,1710196523328.7803
Republic of Korea,KOR,2018.0,35363.95,51585058.0,1824251411859.0999
Republic of Korea,KOR,2019.0,33826.94,51764822.0,1751045527904.6802
Republic of Korea,KOR,2020.0,33645.77,51836239.0,1744070175059.0298
Republic of Korea,KOR,2021.0,37518.46,51769539.0,1942313378189.94
Republic of Korea,KOR,2022.0,34822.4,51672569.0,1799362866745.6
Republic of Korea,KOR,2023.0,35674.1,51712619.0,1844801141467.9
Republic of Moldova,MDA,2013.0,3321.04,2859558.0,9496706500.32
Republic of Moldova,MDA,2014.0,3289.96,2857815.0,9402097037.4
Republic of Moldova,MDA,2015.0,2749.55,2835978.0,7797663309.900001
Republic of Moldova,MDA,2016.0,2847.09,2803186.0,7980922828.740001
Republic of Moldova,MDA,2017.0,3453.27,2755189.0,9514411518.03
Republic of Moldova,MDA,2018.0,4156.45,2707203.0,11252353909.35
Republic of Moldova,MDA,2019.0,4405.33,2664224.0,11736785913.92
Republic of Moldova,MDA,2020.0,4375.78,2635130.0,11530749151.4
Republic of Moldova,MDA,2021.0,5274.61,2595809.0,13691880109.49
Republic of Moldova,MDA,2022.0,5744.3,2528654.0,14525347172.2
Republic of Moldova,MDA,2023.0,6799.59,2457783.0,16711916708.970001
Romania,ROU,2013.0,9497.67,19983693.0,189798521495.31
Romania,ROU,2014.0,10031.77,19908979.0,199722298262.83002
Romania,ROU,2015.0,8977.02,19815616.0,177885181144.32
Romania,ROU,2016.0,9404.54,19702267.0,185290758092.18002
Romania,ROU,2017.0,10727.98,19588715.0,210147342745.69998
Romania,ROU,2018.0,12416.13,19473970.0,241791343136.09998
Romania,ROU,2019.0,12909.61,19371648.0,250080420737.28
Romania,ROU,2020.0,13009.15,19265250.0,250624527037.5
Romania,ROU,2021.0,14908.04,19122059.0,285072420454.36005
Romania,ROU,2022.0,15503.47,19048502.0,295317879301.94
Romania,ROU,2023.0,18244.42,19061062.0,347758020774.04
Russian Federation,RUS,2013.0,15941.45,143805638.0,2292470387895.1
Russian Federation,RUS,2014.0,14055.47,144237223.0,2027321960759.8098
Russian Federation,RUS,2015.0,9277.71,144640716.0,1341934617240.3599
Russian Federation,RUS,2016.0,8663.16,145015460.0,1256292132453.6
Russian Federation,RUS,2017.0,10658.91,145293260.0,1548667781946.6
Russian Federation,RUS,2018.0,11211.89,145398106.0,1630187570680.3398
Russian Federation,RUS,2019.0,11447.7,145453291.0,1665105639380.7002
Russian Federation,RUS,2020.0,10108.33,145245148.0,1468185886882.84
Russian Federation,RUS,2021.0,12425.03,144746762.0,1798482860252.86
Russian Federation,RUS,2022.0,15625.63,144236933.0,2253792947392.79
Russian Federation,RUS,2023.0,13986.99,143826130.0,2011694642048.7
Rwanda,RWA,2013.0,695.4,11093340.0,7714308636.0
Rwanda,RWA,2014.0,715.37,11364757.0,8130006215.09
Rwanda,RWA,2015.0,725.69,11640022.0,8447047565.18
Rwanda,RWA,2016.0,721.26,11919183.0,8596829930.58
Rwanda,RWA,2017.0,751.05,12202060.0,9164357163.0
Rwanda,RWA,2018.0,772.75,12487996.0,9650098909.0
Rwanda,RWA,2019.0,823.36,12776103.0,10519332166.08
Rwanda,RWA,2020.0,802.64,13065837.0,10487163409.68
Rwanda,RWA,2021.0,842.58,13355260.0,11252874970.800001
Rwanda,RWA,2022.0,1007.06,13651030.0,13747406271.8
Rwanda,RWA,2023.0,1061.06,13954471.0,14806530999.259998
Saint Kitts and Nevis,KNA,2013.0,18580.13,47069.0,874548138.97
Saint Kitts and Nevis,KNA,2014.0,20219.4,47089.0,952111326.6
Saint Kitts and Nevis,KNA,2015.0,20328.8,47087.0,957222205.6
Saint Kitts and Nevis,KNA,2016.0,21387.54,47075.0,1006818445.5
Saint Kitts and Nevis,KNA,2017.0,22464.99,47050.0,1056977779.5000001
Saint Kitts and Nevis,KNA,2018.0,22901.38,47008.0,1076548071.04
Saint Kitts and Nevis,KNA,2019.0,23595.49,46952.0,1107855446.48
Saint Kitts and Nevis,KNA,2020.0,18859.02,46870.0,883922267.4
Saint Kitts and Nevis,KNA,2021.0,18361.14,46763.0,858621989.8199999
Saint Kitts and Nevis,KNA,2022.0,21011.57,46709.0,981429423.13
Saint Kitts and Nevis,KNA,2023.0,22576.92,46758.0,1055651625.3599999
Saint Lucia,LCA,2013.0,9577.22,173369.0,1660393054.1799998
Saint Lucia,LCA,2014.0,10044.82,174138.0,1749184865.1599998
Saint Lucia,LCA,2015.0,10334.99,174905.0,1807641425.95
Saint Lucia,LCA,2016.0,10638.13,175646.0,1868544981.9799998
Saint Lucia,LCA,2017.0,11333.11,176342.0,1998503283.6200001
Saint Lucia,LCA,2018.0,11642.7,177017.0,2060955825.9
Saint Lucia,LCA,2019.0,11764.39,177661.0,2090073291.79
Saint Lucia,LCA,2020.0,8537.11,178250.0,1521739857.5
Saint Lucia,LCA,2021.0,10481.12,178522.0,1871110504.64
Saint Lucia,LCA,2022.0,12976.15,178781.0,2319889073.15
Saint Lucia,LCA,2023.0,13616.64,179285.0,2441259302.4
Saint Vincent and the Grenadines,VCT,2013.0,7072.47,108135.0,764781543.45
Saint Vincent and the Grenadines,VCT,2014.0,7168.83,107535.0,770900134.05
Saint Vincent and the Grenadines,VCT,2015.0,7353.74,106960.0,786556030.4
Saint Vincent and the Grenadines,VCT,2016.0,7656.9,106349.0,814303658.0999999
Saint Vincent and the Grenadines,VCT,2017.0,7988.04,105663.0,844040270.52
Saint Vincent and the Grenadines,VCT,2018.0,8428.13,104926.0,884329968.3799999
Saint Vincent and the Grenadines,VCT,2019.0,8740.59,104167.0,910481038.53
Saint Vincent and the Grenadines,VCT,2020.0,8351.2,103526.0,864566331.2
Saint Vincent and the Grenadines,VCT,2021.0,8641.28,102841.0,888677876.48
Saint Vincent and the Grenadines,VCT,2022.0,9693.56,102046.0,989189023.76
Saint Vincent and the Grenadines,VCT,2023.0,10582.37,101323.0,1072237475.5100001
Samoa,WSM,2013.0,4023.53,198268.0,797737246.0400001
Samoa,WSM,2014.0,3982.68,200037.0,796683359.16
Samoa,WSM,2015.0,4084.36,201782.0,824150329.52
Samoa,WSM,2016.0,4147.07,203499.0,843924597.93
Samoa,WSM,2017.0,4307.59,205415.0,884843599.85
Samoa,WSM,2018.0,4231.81,207582.0,878447583.4200001
Samoa,WSM,2019.0,4351.94,209780.0,912949973.1999999
Samoa,WSM,2020.0,4099.6,211944.0,868885622.4000001
Samoa,WSM,2021.0,4021.56,213779.0,859725075.24
Samoa,WSM,2022.0,4132.45,215261.0,889555319.4499999
Samoa,WSM,2023.0,4822.74,216663.0,1044909316.62
San Marino,SMR,2013.0,50807.82,33041.0,1678741180.62
San Marino,SMR,2014.0,51260.48,32655.0,1673910974.4
San Marino,SMR,2015.0,43146.8,32897.0,1419400279.6000001
San Marino,SMR,2016.0,44359.46,33101.0,1468342485.46
San Marino,SMR,2017.0,45192.05,33825.0,1528621091.25
San Marino,SMR,2018.0,47950.71,34522.0,1655354410.62
San Marino,SMR,2019.0,46626.99,34663.0,1616231354.37
San Marino,SMR,2020.0,44426.63,34770.0,1544713925.1
San Marino,SMR,2021.0,54168.97,34252.0,1855395560.44
San Marino,SMR,2022.0,54264.58,33755.0,1831700897.9
San Marino,SMR,2023.0,59871.33,33860.0,2027243233.8
Sao Tome and Principe,STP,2013.0,1382.58,193148.0,267042561.83999997
Sao Tome and Principe,STP,2014.0,1489.68,196767.0,293119864.56
Sao Tome and Principe,STP,2015.0,1298.11,200291.0,259999750.01
Sao Tome and Principe,STP,2016.0,1434.87,203689.0,292267235.43
Sao Tome and Principe,STP,2017.0,1555.79,206970.0,322001856.3
Sao Tome and Principe,STP,2018.0,1825.6,210187.0,383717387.2
Sao Tome and Principe,STP,2019.0,1935.29,213392.0,412975403.68
Sao Tome and Principe,STP,2020.0,2167.22,217435.0,471229480.6999999
Sao Tome and Principe,STP,2021.0,2362.59,221961.0,524402838.99
Sao Tome and Principe,STP,2022.0,2389.74,226305.0,540810110.6999999
Sao Tome and Principe,STP,2023.0,2990.66,230871.0,690456664.86
Saudi Arabia,SAU,2013.0,27865.47,27624004.0,769755854741.88
Saudi Arabia,SAU,2014.0,27805.49,28309273.0,787153207308.77
Saudi Arabia,SAU,2015.0,23256.15,29816382.0,693414252249.3
Saudi Arabia,SAU,2016.0,22267.72,30954198.0,689279413888.56
Saudi Arabia,SAU,2017.0,23929.29,30977355.0,741266111227.9501
Saudi Arabia,SAU,2018.0,29360.07,30196281.0,886564923899.67
Saudi Arabia,SAU,2019.0,29566.79,30063799.0,888890031635.2101
Saudi Arabia,SAU,2020.0,24338.83,31552510.0,767951176963.3
Saudi Arabia,SAU,2021.0,31920.77,30784383.0,982661209334.91
Saudi Arabia,SAU,2022.0,38510.23,32175224.0,1239075276541.52
Saudi Arabia,SAU,2023.0,36156.86,33702731.0,1218584926384.66
Senegal,SEN,2013.0,1379.83,13710849.0,18918640775.67
Senegal,SEN,2014.0,1398.89,14152102.0,19797233966.780003
Senegal,SEN,2015.0,1218.01,14593331.0,17774823091.31
Senegal,SEN,2016.0,1266.44,15034521.0,19040318775.24
Senegal,SEN,2017.0,1354.77,15475002.0,20965068459.54
Senegal,SEN,2018.0,1452.56,15914498.0,23116763214.879997
Senegal,SEN,2019.0,1431.18,16352922.0,23403974907.960003
Senegal,SEN,2020.0,1461.09,16789219.0,24530559988.71
Senegal,SEN,2021.0,1598.11,17220867.0,27520839761.37
Senegal,SEN,2022.0,1574.03,17651103.0,27783365655.09
Senegal,SEN,2023.0,1698.03,18077573.0,30696261281.19
Serbia,SRB,2013.0,7040.42,7166553.0,50455543072.26
Serbia,SRB,2014.0,6886.68,7131787.0,49114334897.16
Serbia,SRB,2015.0,5820.32,7095383.0,41297399582.56
Serbia,SRB,2016.0,5982.37,7058322.0,42225493783.14
Serbia,SRB,2017.0,6548.04,7020858.0,45972859018.32
Serbia,SRB,2018.0,7559.86,6982604.0,52787508675.439995
Serbia,SRB,2019.0,7755.63,6945235.0,53864672923.05
Serbia,SRB,2020.0,8098.71,6899126.0,55874020727.46
Serbia,SRB,2021.0,9680.53,6834326.0,66159897872.78001
Serbia,SRB,2022.0,10024.82,6664449.0,66809901624.18
Serbia,SRB,2023.0,12281.71,6623183.0,81344012882.93
Seychelles,SYC,2013.0,14821.29,89949.0,1333160214.21
Seychelles,SYC,2014.0,15188.19,91359.0,1387577850.21
Seychelles,SYC,2015.0,15333.11,93419.0,1432403803.0900002
Seychelles,SYC,2016.0,16566.99,94677.0,1568512912.2300003
Seychelles,SYC,2017.0,17480.37,95843.0,1675371101.9099998
Seychelles,SYC,2018.0,18440.23,96762.0,1784313535.26
Seychelles,SYC,2019.0,19141.51,97625.0,1868689913.7499998
Seychelles,SYC,2020.0,14041.48,98462.0,1382552203.76
Seychelles,SYC,2021.0,14982.91,99258.0,1487173680.78
Seychelles,SYC,2022.0,16682.7,119878.0,1999888710.6000001
Seychelles,SYC,2023.0,18130.53,119773.0,2171547969.69
Sierra Leone,SLE,2013.0,1117.47,6714051.0,7502750570.97
Sierra Leone,SLE,2014.0,1117.76,6876385.0,7686148097.6
Sierra Leone,SLE,2015.0,964.58,7037655.0,6788381259.900001
Sierra Leone,SLE,2016.0,844.42,7205328.0,6084323069.759999
Sierra Leone,SLE,2017.0,779.19,7379299.0,5749875987.81
Sierra Leone,SLE,2018.0,845.91,7554563.0,6390480387.33
Sierra Leone,SLE,2019.0,843.71,7731991.0,6523558126.610001
Sierra Leone,SLE,2020.0,845.28,7912558.0,6688327026.24
Sierra Leone,SLE,2021.0,885.4,8094602.0,7166960610.8
Sierra Leone,SLE,2022.0,860.37,8276807.0,7121116438.59
Sierra Leone,SLE,2023.0,758.33,8460512.0,6415860064.96
Singapore,SGP,2013.0,56967.43,5399162.0,307576383293.66
Singapore,SGP,2014.0,57564.8,5469724.0,314863568115.2
Singapore,SGP,2015.0,55645.61,5535002.0,307998562641.22003
Singapore,SGP,2016.0,57204.03,5607283.0,320759184950.49
Singapore,SGP,2017.0,61436.13,5612253.0,344795104900.89
Singapore,SGP,2018.0,67032.82,5638676.0,377976353346.32007
Singapore,SGP,2019.0,66068.7,5703569.0,376827389190.3
Singapore,SGP,2020.0,61772.5,5685807.0,351226512907.5
Singapore,SGP,2021.0,80884.86,5453566.0,441110922410.76
Singapore,SGP,2022.0,91227.7,5637022.0,514252551909.39996
Singapore,SGP,2023.0,86382.59,5917648.0,511181760948.32
Slovakia,SVK,2013.0,18312.78,5413393.0,99134275062.54
Slovakia,SVK,2014.0,18770.93,5418649.0,101713081073.57
Slovakia,SVK,2015.0,16442.08,5423801.0,89178569946.08002
Slovakia,SVK,2016.0,16636.08,5430798.0,90347189991.84001
Slovakia,SVK,2017.0,17645.53,5439232.0,95978131432.95999
Slovakia,SVK,2018.0,19573.37,5446771.0,106611664088.26999
Slovakia,SVK,2019.0,19406.06,5454147.0,105843503930.82
Slovakia,SVK,2020.0,19735.49,5458827.0,107732625670.23001
Slovakia,SVK,2021.0,22123.33,5447247.0,120511242972.51001
Slovakia,SVK,2022.0,21317.79,5431752.0,115792948468.08
Slovakia,SVK,2023.0,24614.87,5426740.0,133578499623.79999
Slovenia,SVN,2013.0,23236.97,2059953.0,47867066062.41
Slovenia,SVN,2014.0,24013.07,2061980.0,49514470078.6
Slovenia,SVN,2015.0,20697.27,2063531.0,42709458260.37
Slovenia,SVN,2016.0,21447.84,2065042.0,44290690409.28
Slovenia,SVN,2017.0,23303.08,2066388.0,48153204875.04
Slovenia,SVN,2018.0,25888.05,2073894.0,53689071566.7
Slovenia,SVN,2019.0,25814.17,2088385.0,53909925415.45
Slovenia,SVN,2020.0,25392.07,2102419.0,53384770417.33
Slovenia,SVN,2021.0,29192.84,2108079.0,61540812954.36
Slovenia,SVN,2022.0,28360.3,2112076.0,59899108982.799995
Slovenia,SVN,2023.0,32660.48,2120461.0,69255274081.28
Solomon Islands,SLB,2013.0,2161.39,594945.0,1285908173.55
Solomon Islands,SLB,2014.0,2164.95,616908.0,1335574974.6
Solomon Islands,SLB,2015.0,2164.95,639415.0,1384301504.25
Solomon Islands,SLB,2016.0,2082.62,662379.0,1379483752.98
Solomon Islands,SLB,2017.0,2143.58,685672.0,1469792785.76
Solomon Islands,SLB,2018.0,2278.2,709101.0,1615473898.1999998
Solomon Islands,SLB,2019.0,2223.66,728147.0,1619151358.02
Solomon Islands,SLB,2020.0,2063.33,744498.0,1536145058.34
Solomon Islands,SLB,2021.0,2043.44,762591.0,1558308953.04
Solomon Islands,SLB,2022.0,1877.78,781066.0,1466670113.48
Solomon Islands,SLB,2023.0,1882.64,800005.0,1506121413.2
Somalia,SOM,2013.0,393.4,12869594.0,5062898279.599999
Somalia,SOM,2014.0,429.43,13339491.0,5728377620.13
Somalia,SOM,2015.0,445.58,13806963.0,6152106573.54
Somalia,SOM,2016.0,460.93,14348740.0,6613764728.2
Somalia,SOM,2017.0,510.94,14916629.0,7621502421.26
Somalia,SOM,2018.0,509.5,15452487.0,7873042126.5
Somalia,SOM,2019.0,539.95,16030971.0,8655922791.45
Somalia,SOM,2020.0,518.16,16651191.0,8627981128.56
Somalia,SOM,2021.0,549.06,17271431.0,9483051904.859999
Somalia,SOM,2022.0,573.14,17801897.0,10202979246.58
Somalia,SOM,2023.0,596.89,18358615.0,10958073707.35
South Africa,ZAF,2013.0,7331.65,54678791.0,400885758035.14996
South Africa,ZAF,2014.0,6856.73,55594838.0,381198793559.74
South Africa,ZAF,2015.0,6112.27,56723537.0,346709573498.99005
South Africa,ZAF,2016.0,5651.21,57259551.0,323585747206.71
South Africa,ZAF,2017.0,6618.34,57635162.0,381449098071.08
South Africa,ZAF,2018.0,6914.18,58613001.0,405260839254.18
South Africa,ZAF,2019.0,6533.71,59587885.0,389329960103.35
South Africa,ZAF,2020.0,5580.6,60562381.0,337974423408.60004
South Africa,ZAF,2021.0,6828.76,61502603.0,419986515262.28
South Africa,ZAF,2022.0,6534.25,62378410.0,407596125542.5
South Africa,ZAF,2023.0,6034.27,63212384.0,381440592399.68005
South Sudan,SSD,2013.0,1650.19,11166275.0,18426475342.25
South Sudan,SSD,2014.0,1242.73,11235073.0,13962162269.29
South Sudan,SSD,2015.0,1080.15,11107561.0,11997832014.150002
South Sudan,SSD,2016.0,,10830102.0,
South Sudan,SSD,2017.0,,10259154.0,
South Sudan,SSD,2018.0,,10122977.0,
South Sudan,SSD,2019.0,,10423384.0,
South Sudan,SSD,2020.0,,10698467.0,
South Sudan,SSD,2021.0,,10865780.0,
South Sudan,SSD,2022.0,,11021177.0,
South Sudan,SSD,2023.0,,11483374.0,
Spain,ESP,2013.0,29228.85,46604197.0,1362187083483.45
Spain,ESP,2014.0,29707.77,46460733.0,1380244769995.41
Spain,ESP,2015.0,25982.44,46422303.0,1206164702359.3198
Spain,ESP,2016.0,26755.61,46458139.0,1243015848409.79
Spain,ESP,2017.0,28381.34,46571232.0,1321753969610.8801
Spain,ESP,2018.0,30602.42,46782011.0,1431642749066.6199
Spain,ESP,2019.0,29786.52,47118501.0,1403496172406.52
Spain,ESP,2020.0,27233.94,47359424.0,1289783711650.56
Spain,ESP,2021.0,30799.48,47443821.0,1461245016013.08
Spain,ESP,2022.0,30319.5,47786102.0,1448850719589.0
Spain,ESP,2023.0,33493.22,48352528.0,1619481857860.1602
Sri Lanka,LKA,2013.0,3739.43,20585000.0,76976166550.0
Sri Lanka,LKA,2014.0,3972.04,20778000.0,82531047120.0
Sri Lanka,LKA,2015.0,4057.72,20970000.0,85090388400.0
Sri Lanka,LKA,2016.0,4149.19,21209000.0,88000170709.99998
Sri Lanka,LKA,2017.0,4398.89,21453000.0,94369387170.0
Sri Lanka,LKA,2018.0,4358.56,21670000.0,94449995200.00002
Sri Lanka,LKA,2019.0,4081.95,21803000.0,88998755850.0
Sri Lanka,LKA,2020.0,3847.6,21919000.0,84335544400.0
Sri Lanka,LKA,2021.0,3996.96,22156000.0,88556645760.0
Sri Lanka,LKA,2022.0,3342.64,22181000.0,74143097840.0
Sri Lanka,LKA,2023.0,3815.42,22037000.0,84080410540.0
Sudan,SDN,2013.0,1138.63,37785849.0,43024101246.87
Sudan,SDN,2014.0,1275.44,38823318.0,49516812709.920006
Sudan,SDN,2015.0,1292.38,40024431.0,51726774135.78001
Sudan,SDN,2016.0,1033.22,41259892.0,42630545612.24
Sudan,SDN,2017.0,966.51,42714306.0,41283803892.06
Sudan,SDN,2018.0,731.03,44230596.0,32333892593.879997
Sudan,SDN,2019.0,709.98,45548175.0,32338293286.5
Sudan,SDN,2020.0,577.8,46789231.0,27034817671.8
Sudan,SDN,2021.0,712.12,48066924.0,34229417918.88
Sudan,SDN,2022.0,1046.24,49383346.0,51666831919.04
Sudan,SDN,2023.0,797.28,50042791.0,39898116408.479996
Suriname,SUR,2013.0,9043.19,569020.0,5145755973.8
Suriname,SUR,2014.0,9108.19,575373.0,5240606604.87
Suriname,SUR,2015.0,8813.62,581627.0,5126239359.740001
Suriname,SUR,2016.0,5644.21,587757.0,3317423936.97
Suriname,SUR,2017.0,6049.52,593713.0,3591678667.76
Suriname,SUR,2018.0,6665.74,599513.0,3996197784.62
Suriname,SUR,2019.0,6629.67,605768.0,4016041936.56
Suriname,SUR,2020.0,4755.39,612317.0,2911806138.63
Suriname,SUR,2021.0,5029.85,617896.0,3107924195.6000004
Suriname,SUR,2022.0,6084.44,623164.0,3791603968.16
Suriname,SUR,2023.0,5521.98,628886.0,3472695914.2799997
Sweden,SWE,2013.0,60843.99,9600379.0,584125363872.21
Sweden,SWE,2014.0,59583.46,9696110.0,577727782340.6
Sweden,SWE,2015.0,51188.17,9799186.0,501602398829.62
Sweden,SWE,2016.0,51703.51,9923085.0,513058324528.35004
Sweden,SWE,2017.0,53210.22,10057698.0,535172323273.56
Sweden,SWE,2018.0,54018.46,10175214.0,549649390450.44
Sweden,SWE,2019.0,51648.99,10278887.0,530894131874.13
Sweden,SWE,2020.0,52568.57,10353442.0,544265640517.94
Sweden,SWE,2021.0,60647.54,10415811.0,631693314254.9401
Sweden,SWE,2022.0,54836.89,10486941.0,575071230053.49
Sweden,SWE,2023.0,54950.28,10536632.0,578990878656.96
Switzerland,CHE,2013.0,88851.24,8089346.0,718748422889.04
Switzerland,CHE,2014.0,90511.65,8188649.0,741168132260.85
Switzerland,CHE,2015.0,85265.06,8282396.0,706198991883.76
Switzerland,CHE,2016.0,83432.41,8373338.0,698607769084.5801
Switzerland,CHE,2017.0,83610.25,8451840.0,706660455360.0
Switzerland,CHE,2018.0,87002.34,8514329.0,740766546529.86
Switzerland,CHE,2019.0,85872.97,8575280.0,736384762181.6
Switzerland,CHE,2020.0,87529.7,8638167.0,756096166059.9
Switzerland,CHE,2021.0,96582.87,8704546.0,840710034727.02
Switzerland,CHE,2022.0,97809.1,8777088.0,858479077900.8
Switzerland,CHE,2023.0,104449.75,8888822.0,928435235694.5
Syrian Arab Republic,SYR,2013.0,985.89,21666917.0,21361196801.13
Syrian Arab Republic,SYR,2014.0,1060.59,20273659.0,21502039998.809998
Syrian Arab Republic,SYR,2015.0,847.73,19424618.0,16466831417.140001
Syrian Arab Republic,SYR,2016.0,656.35,19193834.0,12597872945.9
Syrian Arab Republic,SYR,2017.0,851.5,19224668.0,16369804802.0
Syrian Arab Republic,SYR,2018.0,1098.07,19577845.0,21497844259.149998
Syrian Arab Republic,SYR,2019.0,1109.54,20353534.0,22583060114.36
Syrian Arab Republic,SYR,2020.0,593.91,21049429.0,12501466377.39
Syrian Arab Republic,SYR,2021.0,688.57,21628839.0,14892969670.230001
Syrian Arab Republic,SYR,2022.0,1056.78,22462173.0,23737575182.94
Syrian Arab Republic,SYR,2023.0,,23594623.0,
Tajikistan,TJK,2013.0,1028.2,8216724.0,8448435616.8
Tajikistan,TJK,2014.0,1081.54,8425552.0,9112571510.08
Tajikistan,TJK,2015.0,956.92,8643840.0,8271463372.799999
Tajikistan,TJK,2016.0,788.71,8865631.0,6992411826.01
Tajikistan,TJK,2017.0,834.29,9085946.0,7580313888.339999
Tajikistan,TJK,2018.0,834.29,9307333.0,7765014848.57
Tajikistan,TJK,2019.0,871.02,9529966.0,8300790985.32
Tajikistan,TJK,2020.0,834.31,9749310.0,8133946826.099999
Tajikistan,TJK,2021.0,896.75,9966908.0,8937824749.0
Tajikistan,TJK,2022.0,1052.18,10182222.0,10713530343.960001
Tajikistan,TJK,2023.0,1178.48,10389799.0,12244170325.52
Thailand,THA,2013.0,6018.08,69845114.0,420333483661.12
Thailand,THA,2014.0,5801.2,70216367.0,407339188240.39996
Thailand,THA,2015.0,5688.85,70540795.0,401296001635.75
Thailand,THA,2016.0,5833.58,70859841.0,413366551260.77997
Thailand,THA,2017.0,6413.09,71160187.0,456356683647.83
Thailand,THA,2018.0,7099.78,71376079.0,506754458162.62
Thailand,THA,2019.0,7605.7,71522271.0,543976936544.7
Thailand,THA,2020.0,6983.03,71641484.0,500274632016.51996
Thailand,THA,2021.0,7055.19,71727332.0,506049955453.07996
Thailand,THA,2022.0,6910.01,71735329.0,495691840743.29004
Thailand,THA,2023.0,7210.54,71702435.0,517013275664.9
Timor-Leste,TLS,2013.0,1204.57,1158695.0,1395729236.1499999
Timor-Leste,TLS,2014.0,1224.75,1181903.0,1447535699.25
Timor-Leste,TLS,2015.0,1319.59,1205131.0,1590278816.29
Timor-Leste,TLS,2016.0,1335.54,1228312.0,1640459808.48
Timor-Leste,TLS,2017.0,1219.47,1251703.0,1526414257.41
Timor-Leste,TLS,2018.0,1219.47,1275959.0,1555993721.73
Timor-Leste,TLS,2019.0,1562.36,1300945.0,2032544430.1999998
Timor-Leste,TLS,2020.0,1630.87,1326053.0,2162620056.1099997
Timor-Leste,TLS,2021.0,2684.93,1350139.0,3625028705.27
Timor-Leste,TLS,2022.0,2343.25,1369295.0,3208600508.75
Timor-Leste,TLS,2023.0,1502.41,1384286.0,2079765129.2600002
Togo,TGO,2013.0,885.7,6798848.0,6021739673.6
Togo,TGO,2014.0,921.54,6937644.0,6393316451.759999
Togo,TGO,2015.0,813.89,7071502.0,5755424762.78
Togo,TGO,2016.0,843.11,7200884.0,6071137309.24
Togo,TGO,2017.0,872.08,7324386.0,6387450542.88
Togo,TGO,2018.0,942.48,7458206.0,7029209990.88
Togo,TGO,2019.0,917.72,7619925.0,6992957571.0
Togo,TGO,2020.0,961.22,7788054.0,7486033265.88
Togo,TGO,2021.0,1076.3,7936176.0,8541706228.799999
Togo,TGO,2022.0,1071.62,8068616.0,8646490277.919998
Togo,TGO,2023.0,1182.33,8223850.0,9723304570.5
Tonga,TON,2013.0,4219.25,107078.0,451788851.5
Tonga,TON,2014.0,4136.59,106609.0,440997723.31
Tonga,TON,2015.0,4123.9,106095.0,437525170.49999994
Tonga,TON,2016.0,3987.99,105524.0,420828656.76
Tonga,TON,2017.0,4365.93,105356.0,459976921.08000004
Tonga,TON,2018.0,4675.05,105567.0,493531003.35
Tonga,TON,2019.0,4788.83,105669.0,506030877.27
Tonga,TON,2020.0,4792.36,105704.0,506571621.43999994
Tonga,TON,2021.0,4922.8,105490.0,519306172.0
Tonga,TON,2022.0,5298.02,105042.0,556514616.84
Tonga,TON,2023.0,5651.59,104597.0,591139359.23
Trinidad and Tobago,TTO,2013.0,21304.98,1340557.0,28560540073.86
Trinidad and Tobago,TTO,2014.0,21908.3,1345343.0,29474178046.899998
Trinidad and Tobago,TTO,2015.0,19887.23,1349667.0,26841138052.41
Trinidad and Tobago,TTO,2016.0,17449.15,1353895.0,23624316939.250004
Trinidad and Tobago,TTO,2017.0,17566.1,1356633.0,23830750941.3
Trinidad and Tobago,TTO,2018.0,17571.5,1359193.0,23883059799.5
Trinidad and Tobago,TTO,2019.0,17212.61,1363985.0,23477741850.850002
Trinidad and Tobago,TTO,2020.0,15283.63,1366725.0,20888519211.75
Trinidad and Tobago,TTO,2021.0,17712.57,1367558.0,24222966804.06
Trinidad and Tobago,TTO,2022.0,20750.52,1365805.0,28341163968.600002
Trinidad and Tobago,TTO,2023.0,18308.45,1367510.0,25036988459.5
Tunisia,TUN,2013.0,4369.79,11141361.0,48685407884.19
Tunisia,TUN,2014.0,4458.98,11274288.0,50271824706.24
Tunisia,TUN,2015.0,4014.95,11402264.0,45779519846.799995
Tunisia,TUN,2016.0,3847.8,11528674.0,44360031817.200005
Tunisia,TUN,2017.0,3628.1,11650498.0,42269171793.799995
Tunisia,TUN,2018.0,3628.1,11765514.0,42686461343.4
Tunisia,TUN,2019.0,3528.87,11875081.0,41905617088.47
Tunisia,TUN,2020.0,3548.65,11974057.0,42491737373.05
Tunisia,TUN,2021.0,3906.94,12048622.0,47073243236.68
Tunisia,TUN,2022.0,3707.29,12119334.0,44929885744.86
Tunisia,TUN,2023.0,3951.12,12200431.0,48205366932.72
Turkmenistan,TKM,2013.0,6599.65,5939341.0,39197571830.65
Turkmenistan,TKM,2014.0,7164.15,6075283.0,43524238704.45
Turkmenistan,TKM,2015.0,5759.5,6215770.0,35799727315.0
Turkmenistan,TKM,2016.0,5238.01,6360041.0,33313958358.41
Turkmenistan,TKM,2017.0,5125.55,6507061.0,33352266508.550003
Turkmenistan,TKM,2018.0,3911.99,6655524.0,26036343332.76
Turkmenistan,TKM,2019.0,4365.12,6803944.0,29700032033.28
Turkmenistan,TKM,2020.0,3935.38,6949912.0,27350544686.56
Turkmenistan,TKM,2021.0,3713.2,7092043.0,26334174067.6
Turkmenistan,TKM,2022.0,5198.19,7230193.0,37583916950.67
Turkmenistan,TKM,2023.0,5298.46,7364438.0,39020180165.48
Tuvalu,TUV,2013.0,3524.0,11001.0,38767524.0
Tuvalu,TUV,2014.0,3518.13,10984.0,38643139.92
Tuvalu,TUV,2015.0,3352.67,10963.0,36755321.21
Tuvalu,TUV,2016.0,3779.15,10930.0,41306109.5
Tuvalu,TUV,2017.0,4166.79,10869.0,45288840.51
Tuvalu,TUV,2018.0,4467.21,10751.0,48026974.71
Tuvalu,TUV,2019.0,5058.85,10581.0,53527691.85
Tuvalu,TUV,2020.0,5029.57,10399.0,52302498.43
Tuvalu,TUV,2021.0,6042.52,10194.0,61597448.88
Tuvalu,TUV,2022.0,5414.75,9992.0,54104182.0
Tuvalu,TUV,2023.0,5143.84,9816.0,50491933.440000005
Türkiye,TUR,2013.0,12635.56,76147624.0,962167871909.44
Türkiye,TUR,2014.0,12209.39,77181884.0,942343722690.76
Türkiye,TUR,2015.0,11064.65,78218479.0,865460093667.35
Türkiye,TUR,2016.0,10984.36,79277962.0,870817674674.3201
Türkiye,TUR,2017.0,10756.39,80312698.0,863874701640.22
Türkiye,TUR,2018.0,9684.12,81407204.0,788357132400.4801
Türkiye,TUR,2019.0,9395.23,82579440.0,775852832071.2
Türkiye,TUR,2020.0,8798.12,83384680.0,733628420801.6001
Türkiye,TUR,2021.0,9981.76,84147318.0,839938332919.68
Türkiye,TUR,2022.0,10897.84,84979913.0,926097495087.92
Türkiye,TUR,2023.0,13375.09,85325965.0,1141242461211.85
Uganda,UGA,2013.0,818.29,35337042.0,28915948098.18
Uganda,UGA,2014.0,896.05,36395539.0,32612222720.949997
Uganda,UGA,2015.0,862.93,37531446.0,32387010696.78
Uganda,UGA,2016.0,752.7,38799152.0,29204121710.4
Uganda,UGA,2017.0,765.22,40177388.0,30744540845.36
Uganda,UGA,2018.0,792.17,41565831.0,32927204343.269997
Uganda,UGA,2019.0,822.17,42999637.0,35353011552.29
Uganda,UGA,2020.0,845.77,44457152.0,37600525447.04
Uganda,UGA,2021.0,882.79,45910930.0,40529709894.7
Uganda,UGA,2022.0,963.07,47312719.0,45565460287.33
Uganda,UGA,2023.0,1002.31,48656601.0,48768997748.31
Ukraine,UKR,2013.0,4129.9,46126770.0,190498947422.99997
Ukraine,UKR,2014.0,3054.91,45972380.0,140441483385.8
Ukraine,UKR,2015.0,2094.47,45784896.0,95895091125.12
Ukraine,UKR,2016.0,2158.46,45616832.0,98462107198.72
Ukraine,UKR,2017.0,2604.29,45436041.0,118328627215.89
Ukraine,UKR,2018.0,3059.05,45208907.0,138296306958.35
Ukraine,UKR,2019.0,3619.86,44957458.0,162739703915.88
Ukraine,UKR,2020.0,3709.77,44680014.0,165752575536.78
Ukraine,UKR,2021.0,4775.95,44298640.0,211568089708.0
Ukraine,UKR,2022.0,4199.67,41048766.0,172391271107.22
Ukraine,UKR,2023.0,5139.6,37732836.0,193931683905.6
United Arab Emirates,ARE,2013.0,53247.23,7693031.0,409632591054.13
United Arab Emirates,ARE,2014.0,52725.23,8059440.0,424935827671.2
United Arab Emirates,ARE,2015.0,44910.35,8505237.0,381973170502.95
United Arab Emirates,ARE,2016.0,42721.11,8935095.0,381717176355.45
United Arab Emirates,ARE,2017.0,43733.62,9223225.0,403365017324.5
United Arab Emirates,ARE,2018.0,47135.35,9346701.0,440560022980.35
United Arab Emirates,ARE,2019.0,45938.61,9445785.0,433926233258.85
United Arab Emirates,ARE,2020.0,37991.74,9401038.0,357161791426.12
United Arab Emirates,ARE,2021.0,44118.49,9575152.0,422441247760.48
United Arab Emirates,ARE,2022.0,50759.76,10074977.0,511403414525.52
United Arab Emirates,ARE,2023.0,49850.69,10483751.0,522622221138.19
United Kingdom,GBR,2013.0,43607.66,64138000.0,2796908097080.0
United Kingdom,GBR,2014.0,47746.98,64619000.0,3085362100620.0
United Kingdom,GBR,2015.0,45256.04,65087000.0,2945579875480.0
United Kingdom,GBR,2016.0,41258.54,65606000.0,2706807775240.0
United Kingdom,GBR,2017.0,40918.05,65964000.0,2699118250200.0
United Kingdom,GBR,2018.0,43704.32,66287000.0,2897028259840.0
United Kingdom,GBR,2019.0,43160.68,66628000.0,2875709787040.0
United Kingdom,GBR,2020.0,40815.13,66740000.0,2724001776200.0
United Kingdom,GBR,2021.0,47695.65,66978000.0,3194559245700.0
United Kingdom,GBR,2022.0,47034.78,67636000.0,3181244380080.0
United Kingdom,GBR,2023.0,49919.69,68526000.0,3420796676940.0
United Republic of Tanzania,TZA,2013.0,963.06,48824128.0,47020564711.68
United Republic of Tanzania,TZA,2014.0,1022.75,50351512.0,51497008898.0
United Republic of Tanzania,TZA,2015.0,939.13,52020962.0,48854446043.06
United Republic of Tanzania,TZA,2016.0,953.01,53824013.0,51294822629.13
United Republic of Tanzania,TZA,2017.0,986.67,55652890.0,54911036976.299995
United Republic of Tanzania,TZA,2018.0,1023.11,57437145.0,58764517420.950005
United Republic of Tanzania,TZA,2019.0,1063.32,59174891.0,62921845098.119995
United Republic of Tanzania,TZA,2020.0,1117.42,60972798.0,68132223941.16
United Republic of Tanzania,TZA,2021.0,1159.86,62830412.0,72874481662.31999
United Republic of Tanzania,TZA,2022.0,1207.52,64711821.0,78140818093.92
United Republic of Tanzania,TZA,2023.0,1224.0,66617606.0,81539949744.0
United States Virgin Islands,VIR,2013.0,34597.98,108041.0,3738000357.1800003
United States Virgin Islands,VIR,2014.0,33045.36,107882.0,3564999527.52
United States Virgin Islands,VIR,2015.0,34007.35,107712.0,3662999683.2
United States Virgin Islands,VIR,2016.0,35324.97,107516.0,3797999474.52
United States Virgin Islands,VIR,2017.0,35365.07,107281.0,3794000074.67
United States Virgin Islands,VIR,2018.0,36663.21,107001.0,3923000133.21
United States Virgin Islands,VIR,2019.0,38633.53,106669.0,4121000011.5699997
United States Virgin Islands,VIR,2020.0,39787.37,106290.0,4228999557.3
United States Virgin Islands,VIR,2021.0,42571.08,105870.0,4507000239.6
United States Virgin Islands,VIR,2022.0,44320.91,105413.0,4672000085.83
United States Virgin Islands,VIR,2023.0,,104917.0,
United States of America,USA,2013.0,53297.39,316726282.0,16880684175003.98
United States of America,USA,2014.0,55153.39,319257560.0,17608136717128.4
United States of America,USA,2015.0,56849.47,321815121.0,18295019066835.87
United States of America,USA,2016.0,57976.63,324353340.0,18804913582444.2
United States of America,USA,2017.0,60047.72,326608609.0,19612102302821.48
United States of America,USA,2018.0,62875.67,328529577.0,20656517268691.59
United States of America,USA,2019.0,65227.96,330226227.0,21539983125706.918
United States of America,USA,2020.0,64465.3,331578104.0,21375281947791.2
United States of America,USA,2021.0,71441.23,332100166.0,23725644342244.18
United States of America,USA,2022.0,78008.69,333996304.0,26054614139881.76
United States of America,USA,2023.0,82586.78,336755052.0,27811515393412.56
Uruguay,URY,2013.0,18335.26,3345337.0,61337623682.619995
Uruguay,URY,2014.0,18322.43,3356334.0,61496194771.62
Uruguay,URY,2015.0,17125.9,3368017.0,57680322340.3
Uruguay,URY,2016.0,17009.76,3379283.0,57480792802.079994
Uruguay,URY,2017.0,19184.66,3388438.0,65006030961.08
Uruguay,URY,2018.0,19249.94,3394534.0,65344575827.96
Uruguay,URY,2019.0,18315.74,3397206.0,62222341822.44
Uruguay,URY,2020.0,15757.53,3398968.0,53559340229.04
Uruguay,URY,2021.0,17881.81,3396695.0,60739054617.950005
Uruguay,URY,2022.0,21009.29,3390913.0,71240674581.77
Uruguay,URY,2023.0,23378.64,3388081.0,79208725989.84
Uzbekistan,UZB,2013.0,2781.39,29724065.0,82674217150.34999
Uzbekistan,UZB,2014.0,3021.0,30222994.0,91303664874.0
Uzbekistan,UZB,2015.0,3172.9,30749346.0,97564599923.40001
Uzbekistan,UZB,2016.0,3128.42,31284568.0,97871268222.56
Uzbekistan,UZB,2017.0,2271.47,31819178.0,72276308251.65999
Uzbekistan,UZB,2018.0,1894.09,32373490.0,61318303674.1
Uzbekistan,UZB,2019.0,2128.66,32964701.0,70170640430.65999
Uzbekistan,UZB,2020.0,2087.96,33586372.0,70127001281.12
Uzbekistan,UZB,2021.0,2370.36,34243696.0,81169887250.56
Uzbekistan,UZB,2022.0,2698.6,34938955.0,94286263963.0
Uzbekistan,UZB,2023.0,3015.98,35652307.0,107526644865.86
Vanuatu,VUT,2013.0,3392.57,254482.0,863347998.74
Vanuatu,VUT,2014.0,3378.36,260240.0,879184406.4
Vanuatu,VUT,2015.0,3214.42,266101.0,855360376.4200001
Vanuatu,VUT,2016.0,3339.83,272087.0,908724325.21
Vanuatu,VUT,2017.0,3585.32,278507.0,998536717.24
Vanuatu,VUT,2018.0,3626.19,285259.0,1034403333.21
Vanuatu,VUT,2019.0,3635.62,291985.0,1061546505.6999999
Vanuatu,VUT,2020.0,3404.3,298858.0,1017402289.4000001
Vanuatu,VUT,2021.0,3576.14,305868.0,1093826789.52
Vanuatu,VUT,2022.0,3679.54,313046.0,1151865278.84
Vanuatu,VUT,2023.0,3708.19,320409.0,1188137449.71
Venezuela (Bolivarian Republic of),VEN,2013.0,8642.37,29912198.0,258512282629.26
Venezuela (Bolivarian Republic of),VEN,2014.0,7101.15,30254079.0,214838753090.84998
Venezuela (Bolivarian Republic of),VEN,2015.0,4096.62,30573972.0,125249945174.64
Venezuela (Bolivarian Republic of),VEN,2016.0,3671.23,30765720.0,112948034235.6
Venezuela (Bolivarian Republic of),VEN,2017.0,3421.51,30565323.0,104579558297.73001
Venezuela (Bolivarian Republic of),VEN,2018.0,3421.51,29807592.0,101986974103.92001
Venezuela (Bolivarian Republic of),VEN,2019.0,2523.12,28938098.0,73014293825.76
Venezuela (Bolivarian Republic of),VEN,2020.0,1506.04,28444077.0,42837917725.08
Venezuela (Bolivarian Republic of),VEN,2021.0,2004.94,28237826.0,56615146860.44
Venezuela (Bolivarian Republic of),VEN,2022.0,3155.04,28213017.0,89013197155.68
Venezuela (Bolivarian Republic of),VEN,2023.0,3617.47,28300854.0,102377490319.37999
Viet Nam,VNM,2013.0,2359.52,90573104.0,213709050350.08
Viet Nam,VNM,2014.0,2546.38,91679578.0,233451043827.64
Viet Nam,VNM,2015.0,2577.57,92823254.0,239258434812.78003
Viet Nam,VNM,2016.0,2735.06,94000117.0,257095960002.02
Viet Nam,VNM,2017.0,2956.11,95176977.0,281353613479.47003
Viet Nam,VNM,2018.0,3222.31,96237319.0,310106475386.89
Viet Nam,VNM,2019.0,3440.9,97173776.0,334365245838.4
Viet Nam,VNM,2020.0,3534.04,98079191.0,346615784161.64
Viet Nam,VNM,2021.0,3704.19,98935098.0,366474400660.62
Viet Nam,VNM,2022.0,4147.7,99680655.0,413445452743.5
Viet Nam,VNM,2023.0,4322.83,100352192.0,433805466143.36
Yemen,YEM,2013.0,1378.75,29312952.0,40415232570.0
Yemen,YEM,2014.0,1430.16,30226309.0,43228458079.44
Yemen,YEM,2015.0,1362.17,31159379.0,42444371292.43
Yemen,YEM,2016.0,975.36,32109010.0,31317843993.600002
Yemen,YEM,2017.0,633.89,33090921.0,20976003912.69
Yemen,YEM,2018.0,633.89,34085182.0,21606256017.98
Yemen,YEM,2019.0,,35111408.0,
Yemen,YEM,2020.0,,36134863.0,
Yemen,YEM,2021.0,,37140230.0,
Yemen,YEM,2022.0,,38222876.0,
Yemen,YEM,2023.0,,39390799.0,
Zambia,ZMB,2013.0,1820.72,15398997.0,28037261817.84
Zambia,ZMB,2014.0,1707.49,15895315.0,27141091409.35
Zambia,ZMB,2015.0,1295.88,16399089.0,21251251453.320004
Zambia,ZMB,2016.0,1239.09,16914423.0,20958492395.07
Zambia,ZMB,2017.0,1483.47,17441320.0,25873674980.4
Zambia,ZMB,2018.0,1463.9,17973569.0,26311507659.100002
Zambia,ZMB,2019.0,1258.99,18513839.0,23308738162.61
Zambia,ZMB,2020.0,951.64,19059395.0,18137682657.8
Zambia,ZMB,2021.0,1127.16,19603607.0,22096401666.120003
Zambia,ZMB,2022.0,1447.12,20152938.0,29163719638.559998
Zambia,ZMB,2023.0,1330.73,20723965.0,27578001944.45
Zimbabwe,ZWE,2013.0,1363.0,14013808.0,19100820304.0
Zimbabwe,ZWE,2014.0,1372.92,14207359.0,19505567318.280003
Zimbabwe,ZWE,2015.0,1387.13,14399013.0,19973302902.690002
Zimbabwe,ZWE,2016.0,1408.14,14600294.0,20559257993.16
Zimbabwe,ZWE,2017.0,3445.45,14812482.0,51035666106.899994
Zimbabwe,ZWE,2018.0,2270.9,15034452.0,34141737046.800003
Zimbabwe,ZWE,2019.0,2184.52,15271368.0,33360608823.36
Zimbabwe,ZWE,2020.0,2059.64,15526888.0,31979799600.32
Zimbabwe,ZWE,2021.0,2613.62,15797210.0,41287904000.2
Zimbabwe,ZWE,2022.0,2536.4,16069056.0,40757553638.4
Zimbabwe,ZWE,2023.0,2195.23,16340822.0,35871862679.06
